goalNumber,date,season,club,opponent,competition,competitionType,venue,minute,addedTimeMinute,scoreAfterGoal,teamResult,goalType,bodyPart,penalty,freeKick,assist,assistType,sourceId,sourceUrl,sourceName,sourcePublishedAt,verified,verificationNotes,matchId
1,2017-04-26,2017,Molde FK,Volda TI,NM Cup,Domestic Cup,Away,46,,0-1,W,,,false,false,,,transfermarkt-haaland-all-goals,https://www.transfermarkt.com/volda-ti_molde-fk/index/spielbericht/2846581,Transfermarkt,,true,,molde-volda-2017-04-26
2,2017-08-06,2017,Molde FK,Tromsø IL,Eliteserien,League,Away,77,,1-2,W,,,false,false,Eirik Hestad,,transfermarkt-haaland-all-goals,https://www.transfermarkt.com/erling-haaland/alletore/spieler/418560/,Transfermarkt,,true,,molde-tromso-2017-08-06
3,2017-08-27,2017,Molde FK,Kristiansund BK,NM Cup,Domestic Cup,Home,75,,1-1,W,Header,Head,false,false,,,transfermarkt-haaland-all-goals,https://www.transfermarkt.com/erling-haaland/alletore/spieler/418560/,Transfermarkt,,true,,molde-kristiansund-2017-08-27
4,2017-09-17,2017,Molde FK,Viking FK,Eliteserien,League,Away,80,,2-3,W,,,false,false,,,transfermarkt-haaland-all-goals,https://www.transfermarkt.com/erling-haaland/alletore/spieler/418560/,Transfermarkt,,true,,molde-viking-2017-09-17
5,2018-04-15,2018,Molde FK,Lillestrøm SK,Eliteserien,League,Home,41,,1-1,W,Penalty,,true,false,,,transfermarkt-haaland-all-goals,https://www.transfermarkt.com/erling-haaland/alletore/spieler/418560/,Transfermarkt,,true,,molde-lillestrom-2018-04-15
6,2018-05-07,2018,Molde FK,Sarpsborg 08,Eliteserien,League,Away,8,,1-1,D,,,false,false,,,transfermarkt-haaland-all-goals,https://www.transfermarkt.com/erling-haaland/alletore/spieler/418560/,Transfermarkt,,true,,molde-sarpsborg-2018-05-07
7,2018-07-01,2018,Molde FK,SK Brann,Eliteserien,League,Away,4,,0-1,W,,,false,false,,,transfermarkt-haaland-all-goals,https://www.transfermarkt.com/erling-haaland/alletore/spieler/418560/,Transfermarkt,,true,,molde-brann-2018-07-01
8,2018-07-01,2018,Molde FK,SK Brann,Eliteserien,League,Away,13,,0-2,W,,,false,false,,,transfermarkt-haaland-all-goals,https://www.transfermarkt.com/erling-haaland/alletore/spieler/418560/,Transfermarkt,,true,,molde-brann-2018-07-01
9,2018-07-01,2018,Molde FK,SK Brann,Eliteserien,League,Away,15,,0-3,W,,,false,false,,,transfermarkt-haaland-all-goals,https://www.transfermarkt.com/erling-haaland/alletore/spieler/418560/,Transfermarkt,,true,,molde-brann-2018-07-01
10,2018-07-01,2018,Molde FK,SK Brann,Eliteserien,League,Away,21,,0-4,W,Penalty,,true,false,,,transfermarkt-haaland-all-goals,https://www.transfermarkt.com/erling-haaland/alletore/spieler/418560/,Transfermarkt,,true,,molde-brann-2018-07-01
11,2018-07-08,2018,Molde FK,Vålerenga,Eliteserien,League,Home,21,,2-0,W,,,false,false,,,transfermarkt-haaland-all-goals,https://www.transfermarkt.com/erling-haaland/alletore/spieler/418560/,Transfermarkt,,true,,molde-valerenga-2018-07-08
12,2018-07-08,2018,Molde FK,Vålerenga,Eliteserien,League,Home,57,,4-1,W,,,false,false,,,transfermarkt-haaland-all-goals,https://www.transfermarkt.com/erling-haaland/alletore/spieler/418560/,Transfermarkt,,true,,molde-valerenga-2018-07-08
13,2018-07-26,2018/19,Molde FK,KF Laçi,UEFA Europa League Qualifying,Continental,Home,7,,1-0,W,Penalty,,true,false,Babacar Sarr,Fouled player,transfermarkt-haaland-all-goals,https://www.transfermarkt.us/molde-fk_kf-laci/index/spielbericht/3076834,Transfermarkt,,true,,molde-laci-2018-07-26
14,2018-08-12,2018,Molde FK,SK Brann,Eliteserien,League,Home,3,,1-0,W,Penalty,,true,false,,,transfermarkt-haaland-all-goals,https://www.transfermarkt.com/erling-haaland/alletore/spieler/418560/,Transfermarkt,,true,,molde-brann-2018-08-12
15,2018-08-16,2018/19,Molde FK,Hibernian FC,UEFA Europa League Qualifying,Continental,Home,35,,1-0,W,Header,Head,false,false,,,transfermarkt-haaland-all-goals,https://www.transfermarkt.com/erling-haaland/alletore/spieler/418560/,Transfermarkt,,true,,molde-hibernian-2018-08-16
16,2018-08-16,2018/19,Molde FK,Hibernian FC,UEFA Europa League Qualifying,Continental,Home,82,,3-0,W,Open Play,Left Foot,false,false,,,transfermarkt-haaland-all-goals,https://www.transfermarkt.com/erling-haaland/alletore/spieler/418560/,Transfermarkt,,true,,molde-hibernian-2018-08-16
17,2018-08-30,2018/19,Molde FK,Zenit Saint Petersburg,UEFA Europa League Qualifying,Continental,Home,77,,2-1,W,Open Play,Right Foot,false,false,,,transfermarkt-haaland-all-goals,https://www.transfermarkt.com/erling-haaland/alletore/spieler/418560/,Transfermarkt,,true,,molde-zenit-2018-08-30
18,2018-09-23,2018,Molde FK,Strømsgodset IF,Eliteserien,League,Away,11,,0-1,W,,,false,false,,,transfermarkt-haaland-all-goals,https://www.transfermarkt.com/erling-haaland/alletore/spieler/418560/,Transfermarkt,,true,,molde-stromsgodset-2018-09-23
19,2018-10-07,2018,Molde FK,FK Bodø/Glimt,Eliteserien,League,Away,55,,0-1,W,,,false,false,,,transfermarkt-haaland-all-goals,https://www.transfermarkt.com/erling-haaland/alletore/spieler/418560/,Transfermarkt,,true,,molde-bodo-glimt-2018-10-07
20,2018-10-20,2018,Molde FK,Sarpsborg 08,Eliteserien,League,Home,76,,2-2,D,,,false,false,,,transfermarkt-haaland-all-goals,https://www.transfermarkt.com/erling-haaland/alletore/spieler/418560/,Transfermarkt,,true,,molde-sarpsborg-2018-10-20
21,2019-05-12,2018/19,FC Red Bull Salzburg,LASK,Austrian Bundesliga,League,Home,13,,1-0,W,Open Play,Left Foot,false,false,,,transfermarkt-haaland-all-goals,https://www.transfermarkt.com/erling-haaland/alletore/spieler/418560/,Transfermarkt,,true,,salzburg-lask-2019-05-12
22,2019-07-19,2019/20,FC Red Bull Salzburg,SC/ESV Parndorf,ÖFB Cup,Domestic Cup,Away,35,,0-2,W,Penalty,,true,false,,,transfermarkt-haaland-all-goals,https://www.transfermarkt.com/erling-haaland/alletore/spieler/418560/,Transfermarkt,,true,,salzburg-parndorf-2019-07-19
23,2019-07-19,2019/20,FC Red Bull Salzburg,SC/ESV Parndorf,ÖFB Cup,Domestic Cup,Away,73,,1-6,W,Open Play,,false,false,,,transfermarkt-haaland-all-goals,https://www.transfermarkt.com/erling-haaland/alletore/spieler/418560/,Transfermarkt,,true,,salzburg-parndorf-2019-07-19
24,2019-07-19,2019/20,FC Red Bull Salzburg,SC/ESV Parndorf,ÖFB Cup,Domestic Cup,Away,90,,1-7,W,Open Play,Left Foot,false,false,,,transfermarkt-haaland-all-goals,https://www.transfermarkt.com/erling-haaland/alletore/spieler/418560/,Transfermarkt,,true,,salzburg-parndorf-2019-07-19
25,2019-08-04,2019/20,FC Red Bull Salzburg,SV Mattersburg,Austrian Bundesliga,League,Home,37,,3-0,W,Penalty,,true,false,,,transfermarkt-haaland-all-goals,https://www.transfermarkt.com/erling-haaland/alletore/spieler/418560/,Transfermarkt,,true,,salzburg-mattersburg-2019-08-04
26,2019-08-10,2019/20,FC Red Bull Salzburg,Wolfsberger AC,Austrian Bundesliga,League,Home,22,,1-1,W,Open Play,Left Foot,false,false,,,transfermarkt-haaland-all-goals,https://www.transfermarkt.com/erling-haaland/alletore/spieler/418560/,Transfermarkt,,true,,salzburg-wolfsberger-2019-08-10
27,2019-08-10,2019/20,FC Red Bull Salzburg,Wolfsberger AC,Austrian Bundesliga,League,Home,65,,3-1,W,Open Play,Left Foot,false,false,,,transfermarkt-haaland-all-goals,https://www.transfermarkt.com/erling-haaland/alletore/spieler/418560/,Transfermarkt,,true,,salzburg-wolfsberger-2019-08-10
28,2019-08-10,2019/20,FC Red Bull Salzburg,Wolfsberger AC,Austrian Bundesliga,League,Home,89,,4-2,W,Open Play,Left Foot,false,false,,,transfermarkt-haaland-all-goals,https://www.transfermarkt.com/erling-haaland/alletore/spieler/418560/,Transfermarkt,,true,,salzburg-wolfsberger-2019-08-10
29,2019-08-17,2019/20,FC Red Bull Salzburg,SKN St. Pölten,Austrian Bundesliga,League,Away,30,,0-1,W,Open Play,Left Foot,false,false,,,transfermarkt-haaland-all-goals,https://www.transfermarkt.com/erling-haaland/alletore/spieler/418560/,Transfermarkt,,true,,salzburg-st-polten-2019-08-17
30,2019-08-17,2019/20,FC Red Bull Salzburg,SKN St. Pölten,Austrian Bundesliga,League,Away,49,,0-3,W,Header,Head,false,false,,,transfermarkt-haaland-all-goals,https://www.transfermarkt.com/erling-haaland/alletore/spieler/418560/,Transfermarkt,,true,,salzburg-st-polten-2019-08-17
31,2019-08-25,2019/20,FC Red Bull Salzburg,Admira Wacker,Austrian Bundesliga,League,Home,28,,3-0,W,Open Play,Left Foot,false,false,,,transfermarkt-haaland-all-goals,https://www.transfermarkt.com/erling-haaland/alletore/spieler/418560/,Transfermarkt,,true,,salzburg-admira-2019-08-25
32,2019-08-31,2019/20,FC Red Bull Salzburg,WSG Tirol,Austrian Bundesliga,League,Away,41,,0-3,W,Open Play,Left Foot,false,false,,,transfermarkt-haaland-all-goals,https://www.transfermarkt.com/erling-haaland/alletore/spieler/418560/,Transfermarkt,,true,,salzburg-wsg-2019-08-31
33,2019-09-14,2019/20,FC Red Bull Salzburg,TSV Hartberg,Austrian Bundesliga,League,Home,52,,4-1,W,Open Play,Left Foot,false,false,,,transfermarkt-haaland-all-goals,https://www.transfermarkt.com/erling-haaland/alletore/spieler/418560/,Transfermarkt,,true,,salzburg-hartberg-2019-09-14
34,2019-09-14,2019/20,FC Red Bull Salzburg,TSV Hartberg,Austrian Bundesliga,League,Home,86,,5-2,W,Open Play,Left Foot,false,false,,,transfermarkt-haaland-all-goals,https://www.transfermarkt.com/erling-haaland/alletore/spieler/418560/,Transfermarkt,,true,,salzburg-hartberg-2019-09-14
35,2019-09-14,2019/20,FC Red Bull Salzburg,TSV Hartberg,Austrian Bundesliga,League,Home,90,,7-2,W,Open Play,Left Foot,false,false,,,transfermarkt-haaland-all-goals,https://www.transfermarkt.com/erling-haaland/alletore/spieler/418560/,Transfermarkt,,true,,salzburg-hartberg-2019-09-14
36,2019-09-17,2019/20,FC Red Bull Salzburg,Genk,UEFA Champions League,Continental,Home,2,,1-0,W,Open Play,Right Foot,false,false,,,transfermarkt-haaland-all-goals,https://www.transfermarkt.com/erling-haaland/alletore/spieler/418560/,Transfermarkt,,true,,salzburg-genk-2019-09-17
37,2019-09-17,2019/20,FC Red Bull Salzburg,Genk,UEFA Champions League,Continental,Home,34,,2-0,W,Open Play,Left Foot,false,false,,,transfermarkt-haaland-all-goals,https://www.transfermarkt.com/erling-haaland/alletore/spieler/418560/,Transfermarkt,,true,,salzburg-genk-2019-09-17
38,2019-09-17,2019/20,FC Red Bull Salzburg,Genk,UEFA Champions League,Continental,Home,45,,4-1,W,Open Play,Right Foot,false,false,,,transfermarkt-haaland-all-goals,https://www.transfermarkt.com/erling-haaland/alletore/spieler/418560/,Transfermarkt,,true,,salzburg-genk-2019-09-17
39,2019-10-02,2019/20,FC Red Bull Salzburg,Liverpool,UEFA Champions League,Continental,Away,60,,3-3,L,Open Play,Left Foot,false,false,,,transfermarkt-haaland-all-goals,https://www.transfermarkt.com/erling-haaland/alletore/spieler/418560/,Transfermarkt,,true,,salzburg-liverpool-2019-10-02
40,2019-10-23,2019/20,FC Red Bull Salzburg,Napoli,UEFA Champions League,Continental,Home,40,,1-1,L,Penalty,,true,false,,,transfermarkt-haaland-all-goals,https://www.transfermarkt.com/erling-haaland/alletore/spieler/418560/,Transfermarkt,,true,,salzburg-napoli-2019-10-23
41,2019-10-23,2019/20,FC Red Bull Salzburg,Napoli,UEFA Champions League,Continental,Home,72,,2-2,L,Header,Head,false,false,,,transfermarkt-haaland-all-goals,https://www.transfermarkt.com/erling-haaland/alletore/spieler/418560/,Transfermarkt,,true,,salzburg-napoli-2019-10-23
42,2019-10-27,2019/20,FC Red Bull Salzburg,Rapid Vienna,Austrian Bundesliga,League,Home,38,,2-0,W,Open Play,Left Foot,false,false,,,transfermarkt-haaland-all-goals,https://www.transfermarkt.com/erling-haaland/alletore/spieler/418560/,Transfermarkt,,true,,salzburg-rapid-2019-10-27
43,2019-10-30,2019/20,FC Red Bull Salzburg,Ebreichsdorf,ÖFB Cup,Domestic Cup,Away,87,,0-5,W,Open Play,Left Foot,false,false,,,transfermarkt-haaland-all-goals,https://www.transfermarkt.com/erling-haaland/alletore/spieler/418560/,Transfermarkt,,true,,salzburg-ebreichsdorf-2019-10-30
44,2019-11-05,2019/20,FC Red Bull Salzburg,Napoli,UEFA Champions League,Continental,Away,11,,0-1,D,Penalty,,true,false,,,transfermarkt-haaland-all-goals,https://www.transfermarkt.com/erling-haaland/alletore/spieler/418560/,Transfermarkt,,true,,salzburg-napoli-2019-11-05
45,2019-11-10,2019/20,FC Red Bull Salzburg,Wolfsberger AC,Austrian Bundesliga,League,Away,4,,0-1,W,Other,,false,false,,,transfermarkt-haaland-all-goals,https://www.transfermarkt.com/erling-haaland/alletore/spieler/418560/,Transfermarkt,,true,,salzburg-wolfsberger-2019-11-10
46,2019-11-10,2019/20,FC Red Bull Salzburg,Wolfsberger AC,Austrian Bundesliga,League,Away,76,,0-2,W,Open Play,Right Foot,false,false,,,transfermarkt-haaland-all-goals,https://www.transfermarkt.com/erling-haaland/alletore/spieler/418560/,Transfermarkt,,true,,salzburg-wolfsberger-2019-11-10
47,2019-11-10,2019/20,FC Red Bull Salzburg,Wolfsberger AC,Austrian Bundesliga,League,Away,88,,0-3,W,Open Play,Right Foot,false,false,,,transfermarkt-haaland-all-goals,https://www.transfermarkt.com/erling-haaland/alletore/spieler/418560/,Transfermarkt,,true,,salzburg-wolfsberger-2019-11-10
48,2019-11-27,2019/20,FC Red Bull Salzburg,Genk,UEFA Champions League,Continental,Away,87,,1-4,W,Open Play,Left Foot,false,false,,,transfermarkt-haaland-all-goals,https://www.transfermarkt.com/erling-haaland/alletore/spieler/418560/,Transfermarkt,,true,,salzburg-genk-2019-11-27
49,2019-12-07,2019/20,FC Red Bull Salzburg,WSG Tirol,Austrian Bundesliga,League,Home,9,,2-0,W,Open Play,Right Foot,false,false,,,transfermarkt-haaland-all-goals,https://www.transfermarkt.com/erling-haaland/alletore/spieler/418560/,Transfermarkt,,true,,salzburg-wsg-2019-12-07
50,2020-01-18,2019/20,Borussia Dortmund,FC Augsburg,Bundesliga,League,Away,59,,3-2,W,Open Play,Left Foot,false,false,,,transfermarkt-haaland-all-goals,https://www.transfermarkt.com/erling-haaland/alletore/spieler/418560/,Transfermarkt,,true,,dortmund-augsburg-2020-01-18
51,2020-01-18,2019/20,Borussia Dortmund,FC Augsburg,Bundesliga,League,Away,70,,3-4,W,Open Play,Left Foot,false,false,,,transfermarkt-haaland-all-goals,https://www.transfermarkt.com/erling-haaland/alletore/spieler/418560/,Transfermarkt,,true,,dortmund-augsburg-2020-01-18
52,2020-01-18,2019/20,Borussia Dortmund,FC Augsburg,Bundesliga,League,Away,79,,3-5,W,Open Play,Left Foot,false,false,,,transfermarkt-haaland-all-goals,https://www.transfermarkt.com/erling-haaland/alletore/spieler/418560/,Transfermarkt,,true,,dortmund-augsburg-2020-01-18
53,2020-01-24,2019/20,Borussia Dortmund,1. FC Köln,Bundesliga,League,Home,77,,4-1,W,Open Play,Left Foot,false,false,,,transfermarkt-haaland-all-goals,https://www.transfermarkt.com/erling-haaland/alletore/spieler/418560/,Transfermarkt,,true,,dortmund-koln-2020-01-24
54,2020-01-24,2019/20,Borussia Dortmund,1. FC Köln,Bundesliga,League,Home,87,,5-1,W,Open Play,Left Foot,false,false,,,transfermarkt-haaland-all-goals,https://www.transfermarkt.com/erling-haaland/alletore/spieler/418560/,Transfermarkt,,true,,dortmund-koln-2020-01-24
55,2020-02-01,2019/20,Borussia Dortmund,Union Berlin,Bundesliga,League,Home,18,,2-0,W,Open Play,Left Foot,false,false,,,transfermarkt-haaland-all-goals,https://www.transfermarkt.com/erling-haaland/alletore/spieler/418560/,Transfermarkt,,true,,dortmund-union-2020-02-01
56,2020-02-01,2019/20,Borussia Dortmund,Union Berlin,Bundesliga,League,Home,76,,5-0,W,Open Play,Left Foot,false,false,,,transfermarkt-haaland-all-goals,https://www.transfermarkt.com/erling-haaland/alletore/spieler/418560/,Transfermarkt,,true,,dortmund-union-2020-02-01
57,2020-02-04,2019/20,Borussia Dortmund,Werder Bremen,DFB-Pokal,Domestic Cup,Away,67,,2-1,L,Open Play,Left Foot,false,false,,,transfermarkt-haaland-all-goals,https://www.transfermarkt.com/erling-haaland/alletore/spieler/418560/,Transfermarkt,,true,,dortmund-bremen-cup-2020-02-04
58,2020-02-14,2019/20,Borussia Dortmund,Eintracht Frankfurt,Bundesliga,League,Home,54,,3-0,W,Open Play,Right Foot,false,false,,,transfermarkt-haaland-all-goals,https://www.transfermarkt.com/erling-haaland/alletore/spieler/418560/,Transfermarkt,,true,,dortmund-frankfurt-2020-02-14
59,2020-02-18,2019/20,Borussia Dortmund,Paris Saint-Germain,UEFA Champions League,Continental,Home,69,,1-0,W,Open Play,Right Foot,false,false,,,transfermarkt-haaland-all-goals,https://www.transfermarkt.com/erling-haaland/alletore/spieler/418560/,Transfermarkt,,true,,dortmund-psg-2020-02-18
60,2020-02-18,2019/20,Borussia Dortmund,Paris Saint-Germain,UEFA Champions League,Continental,Home,77,,2-1,W,Open Play,Left Foot,false,false,,,transfermarkt-haaland-all-goals,https://www.transfermarkt.com/erling-haaland/alletore/spieler/418560/,Transfermarkt,,true,,dortmund-psg-2020-02-18
61,2020-02-22,2019/20,Borussia Dortmund,Werder Bremen,Bundesliga,League,Away,66,,0-2,W,Open Play,Right Foot,false,false,,,transfermarkt-haaland-all-goals,https://www.transfermarkt.com/erling-haaland/alletore/spieler/418560/,Transfermarkt,,true,,dortmund-bremen-2020-02-22
62,2020-05-16,2019/20,Borussia Dortmund,Schalke 04,Bundesliga,League,Home,29,,1-0,W,Open Play,Left Foot,false,false,,,transfermarkt-haaland-all-goals,https://www.transfermarkt.com/erling-haaland/alletore/spieler/418560/,Transfermarkt,,true,,dortmund-schalke-2020-05-16
63,2020-06-13,2019/20,Borussia Dortmund,Fortuna Düsseldorf,Bundesliga,League,Away,90,5,0-1,W,Header,Head,false,false,,,transfermarkt-haaland-all-goals,https://www.transfermarkt.com/erling-haaland/alletore/spieler/418560/,Transfermarkt,,true,,dortmund-dusseldorf-2020-06-13
64,2020-06-20,2019/20,Borussia Dortmund,RB Leipzig,Bundesliga,League,Away,30,,0-1,W,Open Play,Left Foot,false,false,,,transfermarkt-haaland-all-goals,https://www.transfermarkt.com/erling-haaland/alletore/spieler/418560/,Transfermarkt,,true,,dortmund-leipzig-2020-06-20
65,2020-06-20,2019/20,Borussia Dortmund,RB Leipzig,Bundesliga,League,Away,90,3,0-2,W,Open Play,Right Foot,false,false,,,transfermarkt-haaland-all-goals,https://www.transfermarkt.com/erling-haaland/alletore/spieler/418560/,Transfermarkt,,true,,dortmund-leipzig-2020-06-20
66,2020-09-19,2020/21,Borussia Dortmund,Borussia Mönchengladbach,Bundesliga,League,Home,54,,2-0,W,Penalty,,true,false,,,transfermarkt-haaland-all-goals,https://www.transfermarkt.com/erling-haaland/alletore/spieler/418560/,Transfermarkt,,true,,dortmund-gladbach-2020-09-19
67,2020-09-19,2020/21,Borussia Dortmund,Borussia Mönchengladbach,Bundesliga,League,Home,78,,3-0,W,Open Play,Left Foot,false,false,,,transfermarkt-haaland-all-goals,https://www.transfermarkt.com/erling-haaland/alletore/spieler/418560/,Transfermarkt,,true,,dortmund-gladbach-2020-09-19
68,2020-09-30,2020/21,Borussia Dortmund,Bayern Munich,DFL-Supercup,Other,Away,55,,2-2,L,Open Play,Left Foot,false,false,,,transfermarkt-haaland-all-goals,https://www.transfermarkt.com/erling-haaland/alletore/spieler/418560/,Transfermarkt,,true,,dortmund-bayern-supercup-2020-09-30
69,2020-10-03,2020/21,Borussia Dortmund,SC Freiburg,Bundesliga,League,Home,31,,1-0,W,Open Play,Left Foot,false,false,,,transfermarkt-haaland-all-goals,https://www.transfermarkt.com/erling-haaland/alletore/spieler/418560/,Transfermarkt,,true,,dortmund-freiburg-2020-10-03
70,2020-10-03,2020/21,Borussia Dortmund,SC Freiburg,Bundesliga,League,Home,66,,3-0,W,Open Play,Left Foot,false,false,,,transfermarkt-haaland-all-goals,https://www.transfermarkt.com/erling-haaland/alletore/spieler/418560/,Transfermarkt,,true,,dortmund-freiburg-2020-10-03
71,2020-10-20,2020/21,Borussia Dortmund,Lazio,UEFA Champions League,Continental,Away,71,,2-1,L,Open Play,Left Foot,false,false,,,transfermarkt-haaland-all-goals,https://www.transfermarkt.com/erling-haaland/alletore/spieler/418560/,Transfermarkt,,true,,dortmund-lazio-2020-10-20
72,2020-10-24,2020/21,Borussia Dortmund,Schalke 04,Bundesliga,League,Home,61,,2-0,W,Open Play,Right Foot,false,false,,,transfermarkt-haaland-all-goals,https://www.transfermarkt.com/erling-haaland/alletore/spieler/418560/,Transfermarkt,,true,,dortmund-schalke-2020-10-24
73,2020-10-28,2020/21,Borussia Dortmund,Zenit Saint Petersburg,UEFA Champions League,Continental,Home,90,1,2-0,W,Open Play,Left Foot,false,false,,,transfermarkt-haaland-all-goals,https://www.transfermarkt.com/erling-haaland/alletore/spieler/418560/,Transfermarkt,,true,,dortmund-zenit-2020-10-28
74,2020-11-04,2020/21,Borussia Dortmund,Club Brugge,UEFA Champions League,Continental,Away,18,,0-2,W,Other,,false,false,,,transfermarkt-haaland-all-goals,https://www.transfermarkt.com/erling-haaland/alletore/spieler/418560/,Transfermarkt,,true,Transfermarkt describes the goal as a tap-in/rebound.,dortmund-brugge-2020-11-04
75,2020-11-04,2020/21,Borussia Dortmund,Club Brugge,UEFA Champions League,Continental,Away,32,,0-3,W,Open Play,Left Foot,false,false,,,transfermarkt-haaland-all-goals,https://www.transfermarkt.com/erling-haaland/alletore/spieler/418560/,Transfermarkt,,true,,dortmund-brugge-2020-11-04
76,2020-11-07,2020/21,Borussia Dortmund,Bayern Munich,Bundesliga,League,Home,83,,2-3,L,Open Play,Left Foot,false,false,,,transfermarkt-haaland-all-goals,https://www.transfermarkt.com/erling-haaland/alletore/spieler/418560/,Transfermarkt,,true,,dortmund-bayern-2020-11-07
77,2020-11-21,2020/21,Borussia Dortmund,Hertha BSC,Bundesliga,League,Away,47,,1-1,W,Open Play,Left Foot,false,false,,,transfermarkt-haaland-all-goals,https://www.transfermarkt.com/erling-haaland/alletore/spieler/418560/,Transfermarkt,,true,,dortmund-hertha-2020-11-21
78,2020-11-21,2020/21,Borussia Dortmund,Hertha BSC,Bundesliga,League,Away,49,,1-2,W,Open Play,Left Foot,false,false,,,transfermarkt-haaland-all-goals,https://www.transfermarkt.com/erling-haaland/alletore/spieler/418560/,Transfermarkt,,true,,dortmund-hertha-2020-11-21
79,2020-11-21,2020/21,Borussia Dortmund,Hertha BSC,Bundesliga,League,Away,62,,1-3,W,Open Play,Left Foot,false,false,,,transfermarkt-haaland-all-goals,https://www.transfermarkt.com/erling-haaland/alletore/spieler/418560/,Transfermarkt,,true,,dortmund-hertha-2020-11-21
80,2020-11-21,2020/21,Borussia Dortmund,Hertha BSC,Bundesliga,League,Away,,,2-5,W,Open Play,Left Foot,false,false,,,transfermarkt-haaland-all-goals,https://www.transfermarkt.com/erling-haaland/alletore/spieler/418560/,Transfermarkt,,true,Secondary logs disagree on whether the fourth Haaland goal is recorded as minute 79 or 80. Minute intentionally left null pending authoritative resolution.,dortmund-hertha-2020-11-21
81,2020-11-24,2020/21,Borussia Dortmund,Club Brugge,UEFA Champions League,Continental,Home,18,,1-0,W,Open Play,Left Foot,false,false,,,transfermarkt-haaland-all-goals,https://www.transfermarkt.com/erling-haaland/alletore/spieler/418560/,Transfermarkt,,true,,dortmund-brugge-2020-11-24
82,2020-11-24,2020/21,Borussia Dortmund,Club Brugge,UEFA Champions League,Continental,Home,60,,3-0,W,Open Play,Left Foot,false,false,,,transfermarkt-haaland-all-goals,https://www.transfermarkt.com/erling-haaland/alletore/spieler/418560/,Transfermarkt,,true,,dortmund-brugge-2020-11-24
83,2021-01-09,2020/21,Borussia Dortmund,RB Leipzig,Bundesliga,League,Away,71,,0-2,W,Header,Head,false,false,,,transfermarkt-haaland-all-goals,https://www.transfermarkt.com/erling-haaland/alletore/spieler/418560/,Transfermarkt,,true,,dortmund-leipzig-2021-01-09
84,2021-01-09,2020/21,Borussia Dortmund,RB Leipzig,Bundesliga,League,Away,84,,0-3,W,Open Play,Left Foot,false,false,,,transfermarkt-haaland-all-goals,https://www.transfermarkt.com/erling-haaland/alletore/spieler/418560/,Transfermarkt,,true,,dortmund-leipzig-2021-01-09
85,2021-01-22,2020/21,Borussia Dortmund,Borussia Mönchengladbach,Bundesliga,League,Away,22,,1-1,L,Open Play,Left Foot,false,false,,,transfermarkt-haaland-all-goals,https://www.transfermarkt.com/erling-haaland/alletore/spieler/418560/,Transfermarkt,,true,,dortmund-gladbach-2021-01-22
86,2021-01-22,2020/21,Borussia Dortmund,Borussia Mönchengladbach,Bundesliga,League,Away,28,,1-2,L,Open Play,Left Foot,false,false,,,transfermarkt-haaland-all-goals,https://www.transfermarkt.com/erling-haaland/alletore/spieler/418560/,Transfermarkt,,true,,dortmund-gladbach-2021-01-22
87,2021-02-02,2020/21,Borussia Dortmund,SC Paderborn 07,DFB-Pokal,Domestic Cup,Home,95,,3-2,W,,,false,false,,,transfermarkt-haaland-all-goals,https://datencenter.dfb.de/en/data-center/dfb-pokal/2020-21/round-of-sixteen/2321826,DFB Data Center,,true,Scored in extra time.,dortmund-paderborn-2021-02-02
88,2021-02-13,2020/21,Borussia Dortmund,TSG Hoffenheim,Bundesliga,League,Home,81,,2-2,D,,,false,false,,,transfermarkt-haaland-all-goals,https://www.transfermarkt.com/erling-haaland/alletore/spieler/418560/,Transfermarkt,,true,,dortmund-hoffenheim-2021-02-13
89,2021-02-17,2020/21,Borussia Dortmund,Sevilla FC,UEFA Champions League,Continental,Away,27,,1-2,W,,,false,false,Jadon Sancho,,transfermarkt-haaland-all-goals,https://www.transfermarkt.com/erling-haaland/alletore/spieler/418560/,Transfermarkt,,true,,dortmund-sevilla-2021-02-17
90,2021-02-17,2020/21,Borussia Dortmund,Sevilla FC,UEFA Champions League,Continental,Away,43,,1-3,W,,,false,false,Marco Reus,,transfermarkt-haaland-all-goals,https://www.transfermarkt.com/erling-haaland/alletore/spieler/418560/,Transfermarkt,,true,,dortmund-sevilla-2021-02-17
91,2021-02-20,2020/21,Borussia Dortmund,Schalke 04,Bundesliga,League,Away,45,,0-2,W,,,false,false,,,transfermarkt-haaland-all-goals,https://datencenter.dfb.de/en/data-center/bundesliga/18356/22/2315206,DFB Data Center,,true,,dortmund-schalke-2021-02-20
92,2021-02-20,2020/21,Borussia Dortmund,Schalke 04,Bundesliga,League,Away,79,,0-4,W,,,false,false,,,transfermarkt-haaland-all-goals,https://datencenter.dfb.de/en/data-center/bundesliga/18356/22/2315206,DFB Data Center,,true,,dortmund-schalke-2021-02-20
93,2021-03-06,2020/21,Borussia Dortmund,Bayern Munich,Bundesliga,League,Away,2,,0-1,L,,,false,false,Thomas Delaney,,transfermarkt-haaland-all-goals,https://www.transfermarkt.com/erling-haaland/alletore/spieler/418560/,Transfermarkt,,true,,dortmund-bayern-2021-03-06
94,2021-03-06,2020/21,Borussia Dortmund,Bayern Munich,Bundesliga,League,Away,9,,0-2,L,,,false,false,Thorgan Hazard,,transfermarkt-haaland-all-goals,https://www.transfermarkt.com/erling-haaland/alletore/spieler/418560/,Transfermarkt,,true,,dortmund-bayern-2021-03-06
95,2021-03-09,2020/21,Borussia Dortmund,Sevilla FC,UEFA Champions League,Continental,Home,35,,1-0,D,,,false,false,Marco Reus,,transfermarkt-haaland-all-goals,https://datencenter.dfb.de/en/data-center/champions-league/18385/round-of-sixteen/2321618,DFB Data Center,,true,,dortmund-sevilla-2021-03-09
96,2021-03-09,2020/21,Borussia Dortmund,Sevilla FC,UEFA Champions League,Continental,Home,54,,2-0,D,Penalty,,true,false,,,transfermarkt-haaland-all-goals,https://datencenter.dfb.de/en/data-center/champions-league/18385/round-of-sixteen/2321618,DFB Data Center,,true,,dortmund-sevilla-2021-03-09
97,2021-03-20,2020/21,Borussia Dortmund,1. FC Köln,Bundesliga,League,Away,3,,0-1,D,,,false,false,Emre Can,,transfermarkt-haaland-all-goals,https://www.transfermarkt.com/erling-haaland/alletore/spieler/418560/,Transfermarkt,,true,,dortmund-koln-2021-03-20
98,2021-03-20,2020/21,Borussia Dortmund,1. FC Köln,Bundesliga,League,Away,90,,2-2,D,,,false,false,Ansgar Knauff,,transfermarkt-haaland-all-goals,https://www.transfermarkt.com/erling-haaland/alletore/spieler/418560/,Transfermarkt,,true,,dortmund-koln-2021-03-20
99,2021-04-18,2020/21,Borussia Dortmund,Werder Bremen,Bundesliga,League,Home,34,,2-1,W,Penalty,,true,false,,,transfermarkt-haaland-all-goals,https://www.transfermarkt.com/erling-haaland/alletore/spieler/418560/,Transfermarkt,,true,,dortmund-bremen-2021-04-18
100,2021-04-18,2020/21,Borussia Dortmund,Werder Bremen,Bundesliga,League,Home,38,,3-1,W,Open Play,Right Foot,false,false,,,transfermarkt-haaland-all-goals,https://www.transfermarkt.com/erling-haaland/alletore/spieler/418560/,Transfermarkt,,true,,dortmund-bremen-2021-04-18
101,2021-04-24,2020/21,Borussia Dortmund,VfL Wolfsburg,Bundesliga,League,Away,12,,0-1,W,Open Play,Left Foot,false,false,,,transfermarkt-haaland-all-goals,https://www.transfermarkt.com/erling-haaland/alletore/spieler/418560/,Transfermarkt,,true,,dortmund-wolfsburg-2021-04-24
102,2021-04-24,2020/21,Borussia Dortmund,VfL Wolfsburg,Bundesliga,League,Away,68,,0-2,W,Open Play,Left Foot,false,false,,,transfermarkt-haaland-all-goals,https://www.transfermarkt.com/erling-haaland/alletore/spieler/418560/,Transfermarkt,,true,,dortmund-wolfsburg-2021-04-24
103,2021-05-13,2020/21,Borussia Dortmund,RB Leipzig,DFB-Pokal,Domestic Cup,Away,28,,0-2,W,Open Play,Left Foot,false,false,,,transfermarkt-haaland-all-goals,https://www.transfermarkt.com/erling-haaland/alletore/spieler/418560/,Transfermarkt,,true,,dortmund-leipzig-cup-final-2021-05-13
104,2021-05-13,2020/21,Borussia Dortmund,RB Leipzig,DFB-Pokal,Domestic Cup,Away,87,,1-4,W,Open Play,Left Foot,false,false,,,transfermarkt-haaland-all-goals,https://www.transfermarkt.com/erling-haaland/alletore/spieler/418560/,Transfermarkt,,true,,dortmund-leipzig-cup-final-2021-05-13
105,2021-05-22,2020/21,Borussia Dortmund,Bayer Leverkusen,Bundesliga,League,Home,5,,1-0,W,Open Play,Left Foot,false,false,,,transfermarkt-haaland-all-goals,https://www.transfermarkt.com/erling-haaland/alletore/spieler/418560/,Transfermarkt,,true,,dortmund-leverkusen-2021-05-22
106,2021-05-22,2020/21,Borussia Dortmund,Bayer Leverkusen,Bundesliga,League,Home,84,,3-0,W,Open Play,Left Foot,false,false,,,transfermarkt-haaland-all-goals,https://www.transfermarkt.com/erling-haaland/alletore/spieler/418560/,Transfermarkt,,true,,dortmund-leverkusen-2021-05-22
107,2021-08-07,2021/22,Borussia Dortmund,SV Wehen Wiesbaden,DFB-Pokal,Domestic Cup,Away,26,,0-1,W,,,false,false,,,,https://datencenter.dfb.de/en/data-center/dfb-pokal/18484/1st-round/2330047,DFB Data Center,,true,,dortmund-wiesbaden-2021-08-07
108,2021-08-07,2021/22,Borussia Dortmund,SV Wehen Wiesbaden,DFB-Pokal,Domestic Cup,Away,31,,0-2,W,Penalty,,true,false,,,,https://datencenter.dfb.de/en/data-center/dfb-pokal/18484/1st-round/2330047,DFB Data Center,,true,,dortmund-wiesbaden-2021-08-07
109,2021-08-07,2021/22,Borussia Dortmund,SV Wehen Wiesbaden,DFB-Pokal,Domestic Cup,Away,51,,0-3,W,,,false,false,,,,https://datencenter.dfb.de/en/data-center/dfb-pokal/18484/1st-round/2330047,DFB Data Center,,true,,dortmund-wiesbaden-2021-08-07
110,2021-08-14,2021/22,Borussia Dortmund,Eintracht Frankfurt,Bundesliga,League,Home,34,,3-1,W,Open Play,Left Foot,false,false,,,,https://datencenter.intg-dfb.de/datencenter/bundesliga/2021-22/1-spieltag/borussia-dortmund-eintracht-frankfurt-2326596,DFB Data Center,,true,,dortmund-frankfurt-2021-08-14
111,2021-08-14,2021/22,Borussia Dortmund,Eintracht Frankfurt,Bundesliga,League,Home,70,,5-1,W,Open Play,Right Foot,false,false,,,,https://datencenter.intg-dfb.de/datencenter/bundesliga/2021-22/1-spieltag/borussia-dortmund-eintracht-frankfurt-2326596,DFB Data Center,,true,,dortmund-frankfurt-2021-08-14
112,2021-08-27,2021/22,Borussia Dortmund,TSG Hoffenheim,Bundesliga,League,Home,90,1,3-2,W,Open Play,Left Foot,false,false,,,transfermarkt-haaland-all-goals,https://www.transfermarkt.com/erling-haaland/alletore/spieler/418560/,Transfermarkt,,true,,dortmund-hoffenheim-2021-08-27
113,2021-09-11,2021/22,Borussia Dortmund,Bayer Leverkusen,Bundesliga,League,Away,37,,1-1,W,Header,Head,false,false,,,transfermarkt-haaland-all-goals,https://www.transfermarkt.com/erling-haaland/alletore/spieler/418560/,Transfermarkt,,true,,dortmund-leverkusen-2021-09-11
114,2021-09-11,2021/22,Borussia Dortmund,Bayer Leverkusen,Bundesliga,League,Away,77,,3-4,W,Penalty,,true,false,,,transfermarkt-haaland-all-goals,https://www.transfermarkt.com/erling-haaland/alletore/spieler/418560/,Transfermarkt,,true,,dortmund-leverkusen-2021-09-11
115,2021-09-15,2021/22,Borussia Dortmund,Beşiktaş,UEFA Champions League,Continental,Away,45,3,0-2,W,Open Play,Left Foot,false,false,,,transfermarkt-haaland-all-goals,https://www.transfermarkt.com/erling-haaland/alletore/spieler/418560/,Transfermarkt,,true,,dortmund-besiktas-2021-09-15
116,2021-09-19,2021/22,Borussia Dortmund,Union Berlin,Bundesliga,League,Home,24,,2-0,W,Header,Head,false,false,,,transfermarkt-haaland-all-goals,https://www.transfermarkt.com/erling-haaland/alletore/spieler/418560/,Transfermarkt,,true,,dortmund-union-2021-09-19
117,2021-09-19,2021/22,Borussia Dortmund,Union Berlin,Bundesliga,League,Home,83,,4-2,W,Open Play,Left Foot,false,false,,,transfermarkt-haaland-all-goals,https://www.transfermarkt.com/erling-haaland/alletore/spieler/418560/,Transfermarkt,,true,,dortmund-union-2021-09-19
118,2021-10-16,2021/22,Borussia Dortmund,1. FSV Mainz 05,Bundesliga,League,Home,54,,2-0,W,Penalty,,true,false,,,,https://datencenter.dfb.de/datencenter/bundesliga/2021-22/8-spieltag/borussia-dortmund-1-fsv-mainz-05-2326658,DFB Data Center,,true,,dortmund-mainz-2021-10-16
119,2021-10-16,2021/22,Borussia Dortmund,1. FSV Mainz 05,Bundesliga,League,Home,90,4,3-1,W,Open Play,Left Foot,false,false,,,,https://datencenter.dfb.de/datencenter/bundesliga/2021-22/8-spieltag/borussia-dortmund-1-fsv-mainz-05-2326658,DFB Data Center,,true,,dortmund-mainz-2021-10-16
120,2021-11-27,2021/22,Borussia Dortmund,VfL Wolfsburg,Bundesliga,League,Away,80,,1-3,W,Open Play,Left Foot,false,false,,,transfermarkt-haaland-all-goals,https://www.transfermarkt.com/erling-haaland/alletore/spieler/418560/,Transfermarkt,,true,,dortmund-wolfsburg-2021-11-27
121,2021-12-04,2021/22,Borussia Dortmund,Bayern Munich,Bundesliga,League,Home,48,,2-2,L,Open Play,Right Foot,false,false,,,transfermarkt-haaland-all-goals,https://www.transfermarkt.com/erling-haaland/alletore/spieler/418560/,Transfermarkt,,true,,dortmund-bayern-2021-12-04
122,2021-12-07,2021/22,Borussia Dortmund,Beşiktaş,UEFA Champions League,Continental,Home,68,,4-0,W,,,false,false,,,,https://bjk.com.tr/en/mac_merkezi/canli/18786,Beşiktaş JK,,true,,dortmund-besiktas-2021-12-07
123,2021-12-07,2021/22,Borussia Dortmund,Beşiktaş,UEFA Champions League,Continental,Home,81,,5-0,W,,,false,false,,,,https://bjk.com.tr/en/mac_merkezi/canli/18786,Beşiktaş JK,,true,,dortmund-besiktas-2021-12-07
124,2021-12-15,2021/22,Borussia Dortmund,Greuther Fürth,Bundesliga,League,Home,33,,1-0,W,Penalty,,true,false,,,transfermarkt-haaland-all-goals,https://www.transfermarkt.com/erling-haaland/alletore/spieler/418560/,Transfermarkt,,true,,dortmund-furth-2021-12-15
125,2021-12-15,2021/22,Borussia Dortmund,Greuther Fürth,Bundesliga,League,Home,82,,2-0,W,Header,Head,false,false,,,transfermarkt-haaland-all-goals,https://www.transfermarkt.com/erling-haaland/alletore/spieler/418560/,Transfermarkt,,true,,dortmund-furth-2021-12-15
126,2022-01-14,2021/22,Borussia Dortmund,SC Freiburg,Bundesliga,League,Home,45,1,3-0,W,,,false,false,,,,https://datencenter.dfb.de/datencenter/bundesliga/2021-22/19/borussia-dortmund-sc-freiburg-2327077,DFB Data Center,,true,,dortmund-freiburg-2022-01-14
127,2022-01-14,2021/22,Borussia Dortmund,SC Freiburg,Bundesliga,League,Home,75,,4-1,W,,,false,false,,,,https://datencenter.dfb.de/datencenter/bundesliga/2021-22/19/borussia-dortmund-sc-freiburg-2327077,DFB Data Center,,true,,dortmund-freiburg-2022-01-14
128,2022-01-18,2021/22,Borussia Dortmund,FC St. Pauli,DFB-Pokal,Domestic Cup,Away,58,,2-1,L,Penalty,,true,false,,,,https://datencenter.dfb.de/en/data-center/dfb-pokal/18484/round-of-sixteen/2336384,DFB Data Center,,true,,dortmund-st-pauli-2022-01-18
129,2022-01-22,2021/22,Borussia Dortmund,TSG Hoffenheim,Bundesliga,League,Away,6,,0-1,W,Open Play,Left Foot,false,false,,,transfermarkt-haaland-all-goals,https://www.transfermarkt.com/erling-haaland/alletore/spieler/418560/,Transfermarkt,,true,,dortmund-hoffenheim-2022-01-22
130,2022-04-16,2021/22,Borussia Dortmund,VfL Wolfsburg,Bundesliga,League,Home,38,,5-0,W,Open Play,Right Foot,false,false,,,transfermarkt-haaland-all-goals,https://www.transfermarkt.com/erling-haaland/alletore/spieler/418560/,Transfermarkt,,true,,dortmund-wolfsburg-2022-04-16
131,2022-04-16,2021/22,Borussia Dortmund,VfL Wolfsburg,Bundesliga,League,Home,54,,6-0,W,Open Play,Left Foot,false,false,,,transfermarkt-haaland-all-goals,https://www.transfermarkt.com/erling-haaland/alletore/spieler/418560/,Transfermarkt,,true,,dortmund-wolfsburg-2022-04-16
132,2022-04-30,2021/22,Borussia Dortmund,VfL Bochum,Bundesliga,League,Home,18,,1-2,L,Penalty,,true,false,,,transfermarkt-haaland-all-goals,https://www.transfermarkt.com/erling-haaland/alletore/spieler/418560/,Transfermarkt,,true,,dortmund-bochum-2022-04-30
133,2022-04-30,2021/22,Borussia Dortmund,VfL Bochum,Bundesliga,League,Home,30,,2-2,L,Penalty,,true,false,,,transfermarkt-haaland-all-goals,https://www.transfermarkt.com/erling-haaland/alletore/spieler/418560/,Transfermarkt,,true,,dortmund-bochum-2022-04-30
134,2022-04-30,2021/22,Borussia Dortmund,VfL Bochum,Bundesliga,League,Home,62,,3-2,L,Open Play,Right Foot,false,false,,,transfermarkt-haaland-all-goals,https://www.transfermarkt.com/erling-haaland/alletore/spieler/418560/,Transfermarkt,,true,,dortmund-bochum-2022-04-30
135,2022-05-14,2021/22,Borussia Dortmund,Hertha BSC,Bundesliga,League,Home,68,,1-1,W,Penalty,,true,false,,,transfermarkt-haaland-all-goals,https://www.transfermarkt.com/erling-haaland/alletore/spieler/418560/,Transfermarkt,,true,,dortmund-hertha-2022-05-14
136,2022-08-07,2022/23,Manchester City,West Ham,Premier League,League,Away,36,,,,Penalty,,true,false,,,fbref-haaland-goal-log,https://fbref.com/en/players/1f44ac21/goallogs/all_comps/Erling-Haaland-Goal-Log,FBref,,true,Granular goal event from FBref. Aggregate Manchester City totals are reconciled separately against official Manchester City records.,city-2022-08-07-west-ham-premier-league
137,2022-08-07,2022/23,Manchester City,West Ham,Premier League,League,Away,65,,,,,,false,false,Kevin De Bruyne,,fbref-haaland-goal-log,https://fbref.com/en/players/1f44ac21/goallogs/all_comps/Erling-Haaland-Goal-Log,FBref,,true,Granular goal event from FBref. Aggregate Manchester City totals are reconciled separately against official Manchester City records.,city-2022-08-07-west-ham-premier-league
138,2022-08-21,2022/23,Manchester City,Newcastle,Premier League,League,Away,60,,,,,,false,false,Rodri,,fbref-haaland-goal-log,https://fbref.com/en/players/1f44ac21/goallogs/all_comps/Erling-Haaland-Goal-Log,FBref,,true,Granular goal event from FBref. Aggregate Manchester City totals are reconciled separately against official Manchester City records.,city-2022-08-21-newcastle-premier-league
139,2022-08-27,2022/23,Manchester City,Crystal Palace,Premier League,League,Home,62,,,,,,false,false,Phil Foden,,fbref-haaland-goal-log,https://fbref.com/en/players/1f44ac21/goallogs/all_comps/Erling-Haaland-Goal-Log,FBref,,true,Granular goal event from FBref. Aggregate Manchester City totals are reconciled separately against official Manchester City records.,city-2022-08-27-crystal-palace-premier-league
140,2022-08-27,2022/23,Manchester City,Crystal Palace,Premier League,League,Home,70,,,,,,false,false,John Stones,,fbref-haaland-goal-log,https://fbref.com/en/players/1f44ac21/goallogs/all_comps/Erling-Haaland-Goal-Log,FBref,,true,Granular goal event from FBref. Aggregate Manchester City totals are reconciled separately against official Manchester City records.,city-2022-08-27-crystal-palace-premier-league
141,2022-08-27,2022/23,Manchester City,Crystal Palace,Premier League,League,Home,81,,,,,,false,false,İlkay Gündoğan,,fbref-haaland-goal-log,https://fbref.com/en/players/1f44ac21/goallogs/all_comps/Erling-Haaland-Goal-Log,FBref,,true,Granular goal event from FBref. Aggregate Manchester City totals are reconciled separately against official Manchester City records.,city-2022-08-27-crystal-palace-premier-league
142,2022-08-31,2022/23,Manchester City,Nottingham,Premier League,League,Home,12,,,,,,false,false,Phil Foden,,fbref-haaland-goal-log,https://fbref.com/en/players/1f44ac21/goallogs/all_comps/Erling-Haaland-Goal-Log,FBref,,true,Granular goal event from FBref. Aggregate Manchester City totals are reconciled separately against official Manchester City records.,city-2022-08-31-nottingham-premier-league
143,2022-08-31,2022/23,Manchester City,Nottingham,Premier League,League,Home,23,,,,,,false,false,,,fbref-haaland-goal-log,https://fbref.com/en/players/1f44ac21/goallogs/all_comps/Erling-Haaland-Goal-Log,FBref,,true,Granular goal event from FBref. Aggregate Manchester City totals are reconciled separately against official Manchester City records.,city-2022-08-31-nottingham-premier-league
144,2022-08-31,2022/23,Manchester City,Nottingham,Premier League,League,Home,38,,,,,,false,false,John Stones,,fbref-haaland-goal-log,https://fbref.com/en/players/1f44ac21/goallogs/all_comps/Erling-Haaland-Goal-Log,FBref,,true,Granular goal event from FBref. Aggregate Manchester City totals are reconciled separately against official Manchester City records.,city-2022-08-31-nottingham-premier-league
145,2022-09-03,2022/23,Manchester City,Aston Villa,Premier League,League,Away,50,,,,,,false,false,Kevin De Bruyne,,fbref-haaland-goal-log,https://fbref.com/en/players/1f44ac21/goallogs/all_comps/Erling-Haaland-Goal-Log,FBref,,true,Granular goal event from FBref. Aggregate Manchester City totals are reconciled separately against official Manchester City records.,city-2022-09-03-aston-villa-premier-league
146,2022-09-06,2022/23,Manchester City,Sevilla,Champions Lg,Other,Away,20,,,,,,false,false,Kevin De Bruyne,,fbref-haaland-goal-log,https://fbref.com/en/players/1f44ac21/goallogs/all_comps/Erling-Haaland-Goal-Log,FBref,,true,Granular goal event from FBref. Aggregate Manchester City totals are reconciled separately against official Manchester City records.,city-2022-09-06-sevilla-champions-lg
147,2022-09-06,2022/23,Manchester City,Sevilla,Champions Lg,Other,Away,67,,,,,,false,false,Phil Foden,,fbref-haaland-goal-log,https://fbref.com/en/players/1f44ac21/goallogs/all_comps/Erling-Haaland-Goal-Log,FBref,,true,Granular goal event from FBref. Aggregate Manchester City totals are reconciled separately against official Manchester City records.,city-2022-09-06-sevilla-champions-lg
148,2022-09-14,2022/23,Manchester City,Dortmund,Champions Lg,Other,Home,84,,,,,,false,false,João Cancelo,,fbref-haaland-goal-log,https://fbref.com/en/players/1f44ac21/goallogs/all_comps/Erling-Haaland-Goal-Log,FBref,,true,Granular goal event from FBref. Aggregate Manchester City totals are reconciled separately against official Manchester City records.,city-2022-09-14-dortmund-champions-lg
149,2022-09-17,2022/23,Manchester City,Wolves,Premier League,League,Away,16,,,,,,false,false,Bernardo Silva,,fbref-haaland-goal-log,https://fbref.com/en/players/1f44ac21/goallogs/all_comps/Erling-Haaland-Goal-Log,FBref,,true,Granular goal event from FBref. Aggregate Manchester City totals are reconciled separately against official Manchester City records.,city-2022-09-17-wolves-premier-league
150,2022-10-02,2022/23,Manchester City,Manchester Utd,Premier League,League,Home,34,,,,,,false,false,Kevin De Bruyne,,fbref-haaland-goal-log,https://fbref.com/en/players/1f44ac21/goallogs/all_comps/Erling-Haaland-Goal-Log,FBref,,true,Granular goal event from FBref. Aggregate Manchester City totals are reconciled separately against official Manchester City records.,city-2022-10-02-manchester-utd-premier-league
151,2022-10-02,2022/23,Manchester City,Manchester Utd,Premier League,League,Home,37,,,,,,false,false,Kevin De Bruyne,,fbref-haaland-goal-log,https://fbref.com/en/players/1f44ac21/goallogs/all_comps/Erling-Haaland-Goal-Log,FBref,,true,Granular goal event from FBref. Aggregate Manchester City totals are reconciled separately against official Manchester City records.,city-2022-10-02-manchester-utd-premier-league
152,2022-10-02,2022/23,Manchester City,Manchester Utd,Premier League,League,Home,64,,,,,,false,false,Sergio Gómez,,fbref-haaland-goal-log,https://fbref.com/en/players/1f44ac21/goallogs/all_comps/Erling-Haaland-Goal-Log,FBref,,true,Granular goal event from FBref. Aggregate Manchester City totals are reconciled separately against official Manchester City records.,city-2022-10-02-manchester-utd-premier-league
153,2022-10-05,2022/23,Manchester City,FC Copenhagen,Champions Lg,Other,Home,7,,,,,,false,false,João Cancelo,,fbref-haaland-goal-log,https://fbref.com/en/players/1f44ac21/goallogs/all_comps/Erling-Haaland-Goal-Log,FBref,,true,Granular goal event from FBref. Aggregate Manchester City totals are reconciled separately against official Manchester City records.,city-2022-10-05-fc-copenhagen-champions-lg
154,2022-10-05,2022/23,Manchester City,FC Copenhagen,Champions Lg,Other,Home,32,,,,,,false,false,Sergio Gómez,,fbref-haaland-goal-log,https://fbref.com/en/players/1f44ac21/goallogs/all_comps/Erling-Haaland-Goal-Log,FBref,,true,Granular goal event from FBref. Aggregate Manchester City totals are reconciled separately against official Manchester City records.,city-2022-10-05-fc-copenhagen-champions-lg
155,2022-10-08,2022/23,Manchester City,Southampton,Premier League,League,Home,65,,,,,,false,false,João Cancelo,,fbref-haaland-goal-log,https://fbref.com/en/players/1f44ac21/goallogs/all_comps/Erling-Haaland-Goal-Log,FBref,,true,Granular goal event from FBref. Aggregate Manchester City totals are reconciled separately against official Manchester City records.,city-2022-10-08-southampton-premier-league
156,2022-10-22,2022/23,Manchester City,Brighton,Premier League,League,Home,22,,,,,,false,false,Ederson Moraes,,fbref-haaland-goal-log,https://fbref.com/en/players/1f44ac21/goallogs/all_comps/Erling-Haaland-Goal-Log,FBref,,true,Granular goal event from FBref. Aggregate Manchester City totals are reconciled separately against official Manchester City records.,city-2022-10-22-brighton-premier-league
157,2022-10-22,2022/23,Manchester City,Brighton,Premier League,League,Home,43,,,,Penalty,,true,false,,,fbref-haaland-goal-log,https://fbref.com/en/players/1f44ac21/goallogs/all_comps/Erling-Haaland-Goal-Log,FBref,,true,Granular goal event from FBref. Aggregate Manchester City totals are reconciled separately against official Manchester City records.,city-2022-10-22-brighton-premier-league
158,2022-11-05,2022/23,Manchester City,Fulham,Premier League,League,Home,90,5,,,Penalty,,true,false,,,fbref-haaland-goal-log,https://fbref.com/en/players/1f44ac21/goallogs/all_comps/Erling-Haaland-Goal-Log,FBref,,true,Granular goal event from FBref. Aggregate Manchester City totals are reconciled separately against official Manchester City records.,city-2022-11-05-fulham-premier-league
159,2022-12-22,2022/23,Manchester City,Liverpool,EFL Cup,Domestic Cup,Home,10,,,,,,false,false,Kevin De Bruyne,,fbref-haaland-goal-log,https://fbref.com/en/players/1f44ac21/goallogs/all_comps/Erling-Haaland-Goal-Log,FBref,,true,Granular goal event from FBref. Aggregate Manchester City totals are reconciled separately against official Manchester City records.,city-2022-12-22-liverpool-efl-cup
160,2022-12-28,2022/23,Manchester City,Leeds United,Premier League,League,Away,51,,,,,,false,false,Jack Grealish,,fbref-haaland-goal-log,https://fbref.com/en/players/1f44ac21/goallogs/all_comps/Erling-Haaland-Goal-Log,FBref,,true,Granular goal event from FBref. Aggregate Manchester City totals are reconciled separately against official Manchester City records.,city-2022-12-28-leeds-united-premier-league
161,2022-12-28,2022/23,Manchester City,Leeds United,Premier League,League,Away,64,,,,,,false,false,Jack Grealish,,fbref-haaland-goal-log,https://fbref.com/en/players/1f44ac21/goallogs/all_comps/Erling-Haaland-Goal-Log,FBref,,true,Granular goal event from FBref. Aggregate Manchester City totals are reconciled separately against official Manchester City records.,city-2022-12-28-leeds-united-premier-league
162,2022-12-31,2022/23,Manchester City,Everton,Premier League,League,Home,24,,,,,,false,false,Riyad Mahrez,,fbref-haaland-goal-log,https://fbref.com/en/players/1f44ac21/goallogs/all_comps/Erling-Haaland-Goal-Log,FBref,,true,Granular goal event from FBref. Aggregate Manchester City totals are reconciled separately against official Manchester City records.,city-2022-12-31-everton-premier-league
163,2023-01-19,2022/23,Manchester City,Tottenham,Premier League,League,Home,53,,,,,,false,false,Riyad Mahrez,,fbref-haaland-goal-log,https://fbref.com/en/players/1f44ac21/goallogs/all_comps/Erling-Haaland-Goal-Log,FBref,,true,Granular goal event from FBref. Aggregate Manchester City totals are reconciled separately against official Manchester City records.,city-2023-01-19-tottenham-premier-league
164,2023-01-22,2022/23,Manchester City,Wolves,Premier League,League,Home,40,,,,,,false,false,Kevin De Bruyne,,fbref-haaland-goal-log,https://fbref.com/en/players/1f44ac21/goallogs/all_comps/Erling-Haaland-Goal-Log,FBref,,true,Granular goal event from FBref. Aggregate Manchester City totals are reconciled separately against official Manchester City records.,city-2023-01-22-wolves-premier-league
165,2023-01-22,2022/23,Manchester City,Wolves,Premier League,League,Home,50,,,,Penalty,,true,false,,,fbref-haaland-goal-log,https://fbref.com/en/players/1f44ac21/goallogs/all_comps/Erling-Haaland-Goal-Log,FBref,,true,Granular goal event from FBref. Aggregate Manchester City totals are reconciled separately against official Manchester City records.,city-2023-01-22-wolves-premier-league
166,2023-01-22,2022/23,Manchester City,Wolves,Premier League,League,Home,54,,,,,,false,false,Riyad Mahrez,,fbref-haaland-goal-log,https://fbref.com/en/players/1f44ac21/goallogs/all_comps/Erling-Haaland-Goal-Log,FBref,,true,Granular goal event from FBref. Aggregate Manchester City totals are reconciled separately against official Manchester City records.,city-2023-01-22-wolves-premier-league
167,2023-02-15,2022/23,Manchester City,Arsenal,Premier League,League,Away,82,,,,,,false,false,Kevin De Bruyne,,fbref-haaland-goal-log,https://fbref.com/en/players/1f44ac21/goallogs/all_comps/Erling-Haaland-Goal-Log,FBref,,true,Granular goal event from FBref. Aggregate Manchester City totals are reconciled separately against official Manchester City records.,city-2023-02-15-arsenal-premier-league
168,2023-02-25,2022/23,Manchester City,Bournemouth,Premier League,League,Away,29,,,,,,false,false,Phil Foden,,fbref-haaland-goal-log,https://fbref.com/en/players/1f44ac21/goallogs/all_comps/Erling-Haaland-Goal-Log,FBref,,true,Granular goal event from FBref. Aggregate Manchester City totals are reconciled separately against official Manchester City records.,city-2023-02-25-bournemouth-premier-league
169,2023-03-11,2022/23,Manchester City,Crystal Palace,Premier League,League,Away,78,,,,Penalty,,true,false,,,fbref-haaland-goal-log,https://fbref.com/en/players/1f44ac21/goallogs/all_comps/Erling-Haaland-Goal-Log,FBref,,true,Granular goal event from FBref. Aggregate Manchester City totals are reconciled separately against official Manchester City records.,city-2023-03-11-crystal-palace-premier-league
170,2023-03-14,2022/23,Manchester City,RB Leipzig,Champions Lg,Other,Home,22,,,,Penalty,,true,false,,,fbref-haaland-goal-log,https://fbref.com/en/players/1f44ac21/goallogs/all_comps/Erling-Haaland-Goal-Log,FBref,,true,Granular goal event from FBref. Aggregate Manchester City totals are reconciled separately against official Manchester City records.,city-2023-03-14-rb-leipzig-champions-lg
171,2023-03-14,2022/23,Manchester City,RB Leipzig,Champions Lg,Other,Home,24,,,,,,false,false,,,fbref-haaland-goal-log,https://fbref.com/en/players/1f44ac21/goallogs/all_comps/Erling-Haaland-Goal-Log,FBref,,true,Granular goal event from FBref. Aggregate Manchester City totals are reconciled separately against official Manchester City records.,city-2023-03-14-rb-leipzig-champions-lg
172,2023-03-14,2022/23,Manchester City,RB Leipzig,Champions Lg,Other,Home,45,2,,,,,false,false,,,fbref-haaland-goal-log,https://fbref.com/en/players/1f44ac21/goallogs/all_comps/Erling-Haaland-Goal-Log,FBref,,true,Granular goal event from FBref. Aggregate Manchester City totals are reconciled separately against official Manchester City records.,city-2023-03-14-rb-leipzig-champions-lg
173,2023-03-14,2022/23,Manchester City,RB Leipzig,Champions Lg,Other,Home,53,,,,,,false,false,,,fbref-haaland-goal-log,https://fbref.com/en/players/1f44ac21/goallogs/all_comps/Erling-Haaland-Goal-Log,FBref,,true,Granular goal event from FBref. Aggregate Manchester City totals are reconciled separately against official Manchester City records.,city-2023-03-14-rb-leipzig-champions-lg
174,2023-03-14,2022/23,Manchester City,RB Leipzig,Champions Lg,Other,Home,57,,,,,,false,false,,,fbref-haaland-goal-log,https://fbref.com/en/players/1f44ac21/goallogs/all_comps/Erling-Haaland-Goal-Log,FBref,,true,Granular goal event from FBref. Aggregate Manchester City totals are reconciled separately against official Manchester City records.,city-2023-03-14-rb-leipzig-champions-lg
175,2023-03-18,2022/23,Manchester City,Burnley,FA Cup,Domestic Cup,Home,32,,,,,,false,false,Julián Álvarez,,fbref-haaland-goal-log,https://fbref.com/en/players/1f44ac21/goallogs/all_comps/Erling-Haaland-Goal-Log,FBref,,true,Granular goal event from FBref. Aggregate Manchester City totals are reconciled separately against official Manchester City records.,city-2023-03-18-burnley-fa-cup
176,2023-03-18,2022/23,Manchester City,Burnley,FA Cup,Domestic Cup,Home,35,,,,,,false,false,Phil Foden,,fbref-haaland-goal-log,https://fbref.com/en/players/1f44ac21/goallogs/all_comps/Erling-Haaland-Goal-Log,FBref,,true,Granular goal event from FBref. Aggregate Manchester City totals are reconciled separately against official Manchester City records.,city-2023-03-18-burnley-fa-cup
177,2023-03-18,2022/23,Manchester City,Burnley,FA Cup,Domestic Cup,Home,59,,,,,,false,false,,,fbref-haaland-goal-log,https://fbref.com/en/players/1f44ac21/goallogs/all_comps/Erling-Haaland-Goal-Log,FBref,,true,Granular goal event from FBref. Aggregate Manchester City totals are reconciled separately against official Manchester City records.,city-2023-03-18-burnley-fa-cup
178,2023-04-08,2022/23,Manchester City,Southampton,Premier League,League,Away,45,,,,,,false,false,Kevin De Bruyne,,fbref-haaland-goal-log,https://fbref.com/en/players/1f44ac21/goallogs/all_comps/Erling-Haaland-Goal-Log,FBref,,true,Granular goal event from FBref. Aggregate Manchester City totals are reconciled separately against official Manchester City records.,city-2023-04-08-southampton-premier-league
179,2023-04-08,2022/23,Manchester City,Southampton,Premier League,League,Away,68,,,,,,false,false,Jack Grealish,,fbref-haaland-goal-log,https://fbref.com/en/players/1f44ac21/goallogs/all_comps/Erling-Haaland-Goal-Log,FBref,,true,Granular goal event from FBref. Aggregate Manchester City totals are reconciled separately against official Manchester City records.,city-2023-04-08-southampton-premier-league
180,2023-04-11,2022/23,Manchester City,Bayern Munich,Champions Lg,Other,Home,76,,,,,,false,false,John Stones,,fbref-haaland-goal-log,https://fbref.com/en/players/1f44ac21/goallogs/all_comps/Erling-Haaland-Goal-Log,FBref,,true,Granular goal event from FBref. Aggregate Manchester City totals are reconciled separately against official Manchester City records.,city-2023-04-11-bayern-munich-champions-lg
181,2023-04-15,2022/23,Manchester City,Leicester City,Premier League,League,Home,13,,,,Penalty,,true,false,,,fbref-haaland-goal-log,https://fbref.com/en/players/1f44ac21/goallogs/all_comps/Erling-Haaland-Goal-Log,FBref,,true,Granular goal event from FBref. Aggregate Manchester City totals are reconciled separately against official Manchester City records.,city-2023-04-15-leicester-city-premier-league
182,2023-04-15,2022/23,Manchester City,Leicester City,Premier League,League,Home,25,,,,,,false,false,Kevin De Bruyne,,fbref-haaland-goal-log,https://fbref.com/en/players/1f44ac21/goallogs/all_comps/Erling-Haaland-Goal-Log,FBref,,true,Granular goal event from FBref. Aggregate Manchester City totals are reconciled separately against official Manchester City records.,city-2023-04-15-leicester-city-premier-league
183,2023-04-19,2022/23,Manchester City,Bayern Munich,Champions Lg,Other,Away,57,,,,,,false,false,Kevin De Bruyne,,fbref-haaland-goal-log,https://fbref.com/en/players/1f44ac21/goallogs/all_comps/Erling-Haaland-Goal-Log,FBref,,true,Granular goal event from FBref. Aggregate Manchester City totals are reconciled separately against official Manchester City records.,city-2023-04-19-bayern-munich-champions-lg
184,2023-04-26,2022/23,Manchester City,Arsenal,Premier League,League,Home,90,5,,,,,false,false,Phil Foden,,fbref-haaland-goal-log,https://fbref.com/en/players/1f44ac21/goallogs/all_comps/Erling-Haaland-Goal-Log,FBref,,true,Granular goal event from FBref. Aggregate Manchester City totals are reconciled separately against official Manchester City records.,city-2023-04-26-arsenal-premier-league
185,2023-04-30,2022/23,Manchester City,Fulham,Premier League,League,Away,3,,,,Penalty,,true,false,,,fbref-haaland-goal-log,https://fbref.com/en/players/1f44ac21/goallogs/all_comps/Erling-Haaland-Goal-Log,FBref,,true,Granular goal event from FBref. Aggregate Manchester City totals are reconciled separately against official Manchester City records.,city-2023-04-30-fulham-premier-league
186,2023-05-03,2022/23,Manchester City,West Ham,Premier League,League,Home,70,,,,,,false,false,Jack Grealish,,fbref-haaland-goal-log,https://fbref.com/en/players/1f44ac21/goallogs/all_comps/Erling-Haaland-Goal-Log,FBref,,true,Granular goal event from FBref. Aggregate Manchester City totals are reconciled separately against official Manchester City records.,city-2023-05-03-west-ham-premier-league
187,2023-05-14,2022/23,Manchester City,Everton,Premier League,League,Away,39,,,,,,false,false,İlkay Gündoğan,,fbref-haaland-goal-log,https://fbref.com/en/players/1f44ac21/goallogs/all_comps/Erling-Haaland-Goal-Log,FBref,,true,Granular goal event from FBref. Aggregate Manchester City totals are reconciled separately against official Manchester City records.,city-2023-05-14-everton-premier-league
188,2023-08-11,2023/24,Manchester City,Burnley,Premier League,League,Away,4,,,,,,false,false,Rodri,,fbref-haaland-goal-log,https://fbref.com/en/players/1f44ac21/goallogs/all_comps/Erling-Haaland-Goal-Log,FBref,,true,Granular goal event from FBref. Aggregate Manchester City totals are reconciled separately against official Manchester City records.,city-2023-08-11-burnley-premier-league
189,2023-08-11,2023/24,Manchester City,Burnley,Premier League,League,Away,36,,,,,,false,false,Julián Álvarez,,fbref-haaland-goal-log,https://fbref.com/en/players/1f44ac21/goallogs/all_comps/Erling-Haaland-Goal-Log,FBref,,true,Granular goal event from FBref. Aggregate Manchester City totals are reconciled separately against official Manchester City records.,city-2023-08-11-burnley-premier-league
190,2023-08-27,2023/24,Manchester City,Sheffield United,Premier League,League,Away,63,,,,,,false,false,Jack Grealish,,fbref-haaland-goal-log,https://fbref.com/en/players/1f44ac21/goallogs/all_comps/Erling-Haaland-Goal-Log,FBref,,true,Granular goal event from FBref. Aggregate Manchester City totals are reconciled separately against official Manchester City records.,city-2023-08-27-sheffield-united-premier-league
191,2023-09-02,2023/24,Manchester City,Fulham,Premier League,League,Home,58,,,,,,false,false,,,fbref-haaland-goal-log,https://fbref.com/en/players/1f44ac21/goallogs/all_comps/Erling-Haaland-Goal-Log,FBref,,true,Granular goal event from FBref. Aggregate Manchester City totals are reconciled separately against official Manchester City records.,city-2023-09-02-fulham-premier-league
192,2023-09-02,2023/24,Manchester City,Fulham,Premier League,League,Home,70,,,,Penalty,,true,false,,,fbref-haaland-goal-log,https://fbref.com/en/players/1f44ac21/goallogs/all_comps/Erling-Haaland-Goal-Log,FBref,,true,Granular goal event from FBref. Aggregate Manchester City totals are reconciled separately against official Manchester City records.,city-2023-09-02-fulham-premier-league
193,2023-09-02,2023/24,Manchester City,Fulham,Premier League,League,Home,90,5,,,,,false,false,Sergio Gómez,,fbref-haaland-goal-log,https://fbref.com/en/players/1f44ac21/goallogs/all_comps/Erling-Haaland-Goal-Log,FBref,,true,Granular goal event from FBref. Aggregate Manchester City totals are reconciled separately against official Manchester City records.,city-2023-09-02-fulham-premier-league
194,2023-09-16,2023/24,Manchester City,West Ham,Premier League,League,Away,86,,,,,,false,false,Bernardo Silva,,fbref-haaland-goal-log,https://fbref.com/en/players/1f44ac21/goallogs/all_comps/Erling-Haaland-Goal-Log,FBref,,true,Granular goal event from FBref. Aggregate Manchester City totals are reconciled separately against official Manchester City records.,city-2023-09-16-west-ham-premier-league
195,2023-09-23,2023/24,Manchester City,Nottingham,Premier League,League,Home,14,,,,,,false,false,Matheus Nunes,,fbref-haaland-goal-log,https://fbref.com/en/players/1f44ac21/goallogs/all_comps/Erling-Haaland-Goal-Log,FBref,,true,Granular goal event from FBref. Aggregate Manchester City totals are reconciled separately against official Manchester City records.,city-2023-09-23-nottingham-premier-league
196,2023-10-21,2023/24,Manchester City,Brighton,Premier League,League,Home,19,,,,,,false,false,,,fbref-haaland-goal-log,https://fbref.com/en/players/1f44ac21/goallogs/all_comps/Erling-Haaland-Goal-Log,FBref,,true,Granular goal event from FBref. Aggregate Manchester City totals are reconciled separately against official Manchester City records.,city-2023-10-21-brighton-premier-league
197,2023-10-25,2023/24,Manchester City,Young Boys,Champions Lg,Other,Away,67,,,,Penalty,,true,false,,,fbref-haaland-goal-log,https://fbref.com/en/players/1f44ac21/goallogs/all_comps/Erling-Haaland-Goal-Log,FBref,,true,Granular goal event from FBref. Aggregate Manchester City totals are reconciled separately against official Manchester City records.,city-2023-10-25-young-boys-champions-lg
198,2023-10-25,2023/24,Manchester City,Young Boys,Champions Lg,Other,Away,86,,,,,,false,false,Rodri,,fbref-haaland-goal-log,https://fbref.com/en/players/1f44ac21/goallogs/all_comps/Erling-Haaland-Goal-Log,FBref,,true,Granular goal event from FBref. Aggregate Manchester City totals are reconciled separately against official Manchester City records.,city-2023-10-25-young-boys-champions-lg
199,2023-10-29,2023/24,Manchester City,Manchester Utd,Premier League,League,Away,26,,,,Penalty,,true,false,,,fbref-haaland-goal-log,https://fbref.com/en/players/1f44ac21/goallogs/all_comps/Erling-Haaland-Goal-Log,FBref,,true,Granular goal event from FBref. Aggregate Manchester City totals are reconciled separately against official Manchester City records.,city-2023-10-29-manchester-utd-premier-league
200,2023-10-29,2023/24,Manchester City,Manchester Utd,Premier League,League,Away,49,,,,,,false,false,Bernardo Silva,,fbref-haaland-goal-log,https://fbref.com/en/players/1f44ac21/goallogs/all_comps/Erling-Haaland-Goal-Log,FBref,,true,Granular goal event from FBref. Aggregate Manchester City totals are reconciled separately against official Manchester City records.,city-2023-10-29-manchester-utd-premier-league
201,2023-11-07,2023/24,Manchester City,Young Boys,Champions Lg,Other,Home,23,,,,Penalty,,true,false,,,fbref-haaland-goal-log,https://fbref.com/en/players/1f44ac21/goallogs/all_comps/Erling-Haaland-Goal-Log,FBref,,true,Granular goal event from FBref. Aggregate Manchester City totals are reconciled separately against official Manchester City records.,city-2023-11-07-young-boys-champions-lg
202,2023-11-07,2023/24,Manchester City,Young Boys,Champions Lg,Other,Home,51,,,,,,false,false,Rico Lewis,,fbref-haaland-goal-log,https://fbref.com/en/players/1f44ac21/goallogs/all_comps/Erling-Haaland-Goal-Log,FBref,,true,Granular goal event from FBref. Aggregate Manchester City totals are reconciled separately against official Manchester City records.,city-2023-11-07-young-boys-champions-lg
203,2023-11-12,2023/24,Manchester City,Chelsea,Premier League,League,Away,25,,,,Penalty,,true,false,,,fbref-haaland-goal-log,https://fbref.com/en/players/1f44ac21/goallogs/all_comps/Erling-Haaland-Goal-Log,FBref,,true,Granular goal event from FBref. Aggregate Manchester City totals are reconciled separately against official Manchester City records.,city-2023-11-12-chelsea-premier-league
204,2023-11-12,2023/24,Manchester City,Chelsea,Premier League,League,Away,47,,,,,,false,false,,,fbref-haaland-goal-log,https://fbref.com/en/players/1f44ac21/goallogs/all_comps/Erling-Haaland-Goal-Log,FBref,,true,Granular goal event from FBref. Aggregate Manchester City totals are reconciled separately against official Manchester City records.,city-2023-11-12-chelsea-premier-league
205,2023-11-25,2023/24,Manchester City,Liverpool,Premier League,League,Home,27,,,,,,false,false,Nathan Aké,,fbref-haaland-goal-log,https://fbref.com/en/players/1f44ac21/goallogs/all_comps/Erling-Haaland-Goal-Log,FBref,,true,Granular goal event from FBref. Aggregate Manchester City totals are reconciled separately against official Manchester City records.,city-2023-11-25-liverpool-premier-league
206,2023-11-28,2023/24,Manchester City,RB Leipzig,Champions Lg,Other,Home,54,,,,,,false,false,Phil Foden,,fbref-haaland-goal-log,https://fbref.com/en/players/1f44ac21/goallogs/all_comps/Erling-Haaland-Goal-Log,FBref,,true,Granular goal event from FBref. Aggregate Manchester City totals are reconciled separately against official Manchester City records.,city-2023-11-28-rb-leipzig-champions-lg
207,2024-02-10,2023/24,Manchester City,Everton,Premier League,League,Home,71,,,,,,false,false,Nathan Aké,,fbref-haaland-goal-log,https://fbref.com/en/players/1f44ac21/goallogs/all_comps/Erling-Haaland-Goal-Log,FBref,,true,Granular goal event from FBref. Aggregate Manchester City totals are reconciled separately against official Manchester City records.,city-2024-02-10-everton-premier-league
208,2024-02-10,2023/24,Manchester City,Everton,Premier League,League,Home,85,,,,,,false,false,Kevin De Bruyne,,fbref-haaland-goal-log,https://fbref.com/en/players/1f44ac21/goallogs/all_comps/Erling-Haaland-Goal-Log,FBref,,true,Granular goal event from FBref. Aggregate Manchester City totals are reconciled separately against official Manchester City records.,city-2024-02-10-everton-premier-league
209,2024-02-20,2023/24,Manchester City,Brentford,Premier League,League,Home,71,,,,,,false,false,Julián Álvarez,,fbref-haaland-goal-log,https://fbref.com/en/players/1f44ac21/goallogs/all_comps/Erling-Haaland-Goal-Log,FBref,,true,Granular goal event from FBref. Aggregate Manchester City totals are reconciled separately against official Manchester City records.,city-2024-02-20-brentford-premier-league
210,2024-02-27,2023/24,Manchester City,Luton Town,FA Cup,Domestic Cup,Away,3,,,,,,false,false,Kevin De Bruyne,,fbref-haaland-goal-log,https://fbref.com/en/players/1f44ac21/goallogs/all_comps/Erling-Haaland-Goal-Log,FBref,,true,Granular goal event from FBref. Aggregate Manchester City totals are reconciled separately against official Manchester City records.,city-2024-02-27-luton-town-fa-cup
211,2024-02-27,2023/24,Manchester City,Luton Town,FA Cup,Domestic Cup,Away,18,,,,,,false,false,Kevin De Bruyne,,fbref-haaland-goal-log,https://fbref.com/en/players/1f44ac21/goallogs/all_comps/Erling-Haaland-Goal-Log,FBref,,true,Granular goal event from FBref. Aggregate Manchester City totals are reconciled separately against official Manchester City records.,city-2024-02-27-luton-town-fa-cup
212,2024-02-27,2023/24,Manchester City,Luton Town,FA Cup,Domestic Cup,Away,40,,,,,,false,false,Kevin De Bruyne,,fbref-haaland-goal-log,https://fbref.com/en/players/1f44ac21/goallogs/all_comps/Erling-Haaland-Goal-Log,FBref,,true,Granular goal event from FBref. Aggregate Manchester City totals are reconciled separately against official Manchester City records.,city-2024-02-27-luton-town-fa-cup
213,2024-02-27,2023/24,Manchester City,Luton Town,FA Cup,Domestic Cup,Away,55,,,,,,false,false,Kevin De Bruyne,,fbref-haaland-goal-log,https://fbref.com/en/players/1f44ac21/goallogs/all_comps/Erling-Haaland-Goal-Log,FBref,,true,Granular goal event from FBref. Aggregate Manchester City totals are reconciled separately against official Manchester City records.,city-2024-02-27-luton-town-fa-cup
214,2024-02-27,2023/24,Manchester City,Luton Town,FA Cup,Domestic Cup,Away,58,,,,,,false,false,Bernardo Silva,,fbref-haaland-goal-log,https://fbref.com/en/players/1f44ac21/goallogs/all_comps/Erling-Haaland-Goal-Log,FBref,,true,Granular goal event from FBref. Aggregate Manchester City totals are reconciled separately against official Manchester City records.,city-2024-02-27-luton-town-fa-cup
215,2024-03-03,2023/24,Manchester City,Manchester Utd,Premier League,League,Home,90,1,,,,,false,false,Rodri,,fbref-haaland-goal-log,https://fbref.com/en/players/1f44ac21/goallogs/all_comps/Erling-Haaland-Goal-Log,FBref,,true,Granular goal event from FBref. Aggregate Manchester City totals are reconciled separately against official Manchester City records.,city-2024-03-03-manchester-utd-premier-league
216,2024-03-06,2023/24,Manchester City,FC Copenhagen,Champions Lg,Other,Home,45,3,,,,,false,false,Rodri,,fbref-haaland-goal-log,https://fbref.com/en/players/1f44ac21/goallogs/all_comps/Erling-Haaland-Goal-Log,FBref,,true,Granular goal event from FBref. Aggregate Manchester City totals are reconciled separately against official Manchester City records.,city-2024-03-06-fc-copenhagen-champions-lg
217,2024-04-06,2023/24,Manchester City,Crystal Palace,Premier League,League,Away,66,,,,,,false,false,Kevin De Bruyne,,fbref-haaland-goal-log,https://fbref.com/en/players/1f44ac21/goallogs/all_comps/Erling-Haaland-Goal-Log,FBref,,true,Granular goal event from FBref. Aggregate Manchester City totals are reconciled separately against official Manchester City records.,city-2024-04-06-crystal-palace-premier-league
218,2024-04-13,2023/24,Manchester City,Luton Town,Premier League,League,Home,76,,,,Penalty,,true,false,,,fbref-haaland-goal-log,https://fbref.com/en/players/1f44ac21/goallogs/all_comps/Erling-Haaland-Goal-Log,FBref,,true,Granular goal event from FBref. Aggregate Manchester City totals are reconciled separately against official Manchester City records.,city-2024-04-13-luton-town-premier-league
219,2024-04-28,2023/24,Manchester City,Nottingham,Premier League,League,Away,71,,,,,,false,false,Kevin De Bruyne,,fbref-haaland-goal-log,https://fbref.com/en/players/1f44ac21/goallogs/all_comps/Erling-Haaland-Goal-Log,FBref,,true,Granular goal event from FBref. Aggregate Manchester City totals are reconciled separately against official Manchester City records.,city-2024-04-28-nottingham-premier-league
220,2024-05-04,2023/24,Manchester City,Wolves,Premier League,League,Home,12,,,,Penalty,,true,false,,,fbref-haaland-goal-log,https://fbref.com/en/players/1f44ac21/goallogs/all_comps/Erling-Haaland-Goal-Log,FBref,,true,Granular goal event from FBref. Aggregate Manchester City totals are reconciled separately against official Manchester City records.,city-2024-05-04-wolves-premier-league
221,2024-05-04,2023/24,Manchester City,Wolves,Premier League,League,Home,35,,,,,,false,false,Rodri,,fbref-haaland-goal-log,https://fbref.com/en/players/1f44ac21/goallogs/all_comps/Erling-Haaland-Goal-Log,FBref,,true,Granular goal event from FBref. Aggregate Manchester City totals are reconciled separately against official Manchester City records.,city-2024-05-04-wolves-premier-league
222,2024-05-04,2023/24,Manchester City,Wolves,Premier League,League,Home,45,3,,,Penalty,,true,false,,,fbref-haaland-goal-log,https://fbref.com/en/players/1f44ac21/goallogs/all_comps/Erling-Haaland-Goal-Log,FBref,,true,Granular goal event from FBref. Aggregate Manchester City totals are reconciled separately against official Manchester City records.,city-2024-05-04-wolves-premier-league
223,2024-05-04,2023/24,Manchester City,Wolves,Premier League,League,Home,54,,,,,,false,false,Phil Foden,,fbref-haaland-goal-log,https://fbref.com/en/players/1f44ac21/goallogs/all_comps/Erling-Haaland-Goal-Log,FBref,,true,Granular goal event from FBref. Aggregate Manchester City totals are reconciled separately against official Manchester City records.,city-2024-05-04-wolves-premier-league
224,2024-05-14,2023/24,Manchester City,Tottenham,Premier League,League,Away,51,,,,,,false,false,Kevin De Bruyne,,fbref-haaland-goal-log,https://fbref.com/en/players/1f44ac21/goallogs/all_comps/Erling-Haaland-Goal-Log,FBref,,true,Granular goal event from FBref. Aggregate Manchester City totals are reconciled separately against official Manchester City records.,city-2024-05-14-tottenham-premier-league
225,2024-05-14,2023/24,Manchester City,Tottenham,Premier League,League,Away,90,1,,,Penalty,,true,false,,,fbref-haaland-goal-log,https://fbref.com/en/players/1f44ac21/goallogs/all_comps/Erling-Haaland-Goal-Log,FBref,,true,Granular goal event from FBref. Aggregate Manchester City totals are reconciled separately against official Manchester City records.,city-2024-05-14-tottenham-premier-league
226,2024-08-18,2024/25,Manchester City,Chelsea,Premier League,League,Away,18,,,,,,false,false,Bernardo Silva,,fbref-haaland-goal-log,https://fbref.com/en/players/1f44ac21/goallogs/all_comps/Erling-Haaland-Goal-Log,FBref,,true,Granular goal event from FBref. Aggregate Manchester City totals are reconciled separately against official Manchester City records.,city-2024-08-18-chelsea-premier-league
227,2024-08-24,2024/25,Manchester City,Ipswich Town,Premier League,League,Home,12,,,,Penalty,,true,false,,,fbref-haaland-goal-log,https://fbref.com/en/players/1f44ac21/goallogs/all_comps/Erling-Haaland-Goal-Log,FBref,,true,Granular goal event from FBref. Aggregate Manchester City totals are reconciled separately against official Manchester City records.,city-2024-08-24-ipswich-town-premier-league
228,2024-08-24,2024/25,Manchester City,Ipswich Town,Premier League,League,Home,16,,,,,,false,false,Kevin De Bruyne,,fbref-haaland-goal-log,https://fbref.com/en/players/1f44ac21/goallogs/all_comps/Erling-Haaland-Goal-Log,FBref,,true,Granular goal event from FBref. Aggregate Manchester City totals are reconciled separately against official Manchester City records.,city-2024-08-24-ipswich-town-premier-league
229,2024-08-24,2024/25,Manchester City,Ipswich Town,Premier League,League,Home,88,,,,,,false,false,,,fbref-haaland-goal-log,https://fbref.com/en/players/1f44ac21/goallogs/all_comps/Erling-Haaland-Goal-Log,FBref,,true,Granular goal event from FBref. Aggregate Manchester City totals are reconciled separately against official Manchester City records.,city-2024-08-24-ipswich-town-premier-league
230,2024-08-31,2024/25,Manchester City,West Ham,Premier League,League,Away,10,,,,,,false,false,Bernardo Silva,,fbref-haaland-goal-log,https://fbref.com/en/players/1f44ac21/goallogs/all_comps/Erling-Haaland-Goal-Log,FBref,,true,Granular goal event from FBref. Aggregate Manchester City totals are reconciled separately against official Manchester City records.,city-2024-08-31-west-ham-premier-league
231,2024-08-31,2024/25,Manchester City,West Ham,Premier League,League,Away,30,,,,,,false,false,Rico Lewis,,fbref-haaland-goal-log,https://fbref.com/en/players/1f44ac21/goallogs/all_comps/Erling-Haaland-Goal-Log,FBref,,true,Granular goal event from FBref. Aggregate Manchester City totals are reconciled separately against official Manchester City records.,city-2024-08-31-west-ham-premier-league
232,2024-08-31,2024/25,Manchester City,West Ham,Premier League,League,Away,83,,,,,,false,false,Matheus Nunes,,fbref-haaland-goal-log,https://fbref.com/en/players/1f44ac21/goallogs/all_comps/Erling-Haaland-Goal-Log,FBref,,true,Granular goal event from FBref. Aggregate Manchester City totals are reconciled separately against official Manchester City records.,city-2024-08-31-west-ham-premier-league
233,2024-09-14,2024/25,Manchester City,Brentford,Premier League,League,Home,19,,,,,,false,false,,,fbref-haaland-goal-log,https://fbref.com/en/players/1f44ac21/goallogs/all_comps/Erling-Haaland-Goal-Log,FBref,,true,Granular goal event from FBref. Aggregate Manchester City totals are reconciled separately against official Manchester City records.,city-2024-09-14-brentford-premier-league
234,2024-09-14,2024/25,Manchester City,Brentford,Premier League,League,Home,32,,,,,,false,false,Ederson Moraes,,fbref-haaland-goal-log,https://fbref.com/en/players/1f44ac21/goallogs/all_comps/Erling-Haaland-Goal-Log,FBref,,true,Granular goal event from FBref. Aggregate Manchester City totals are reconciled separately against official Manchester City records.,city-2024-09-14-brentford-premier-league
235,2024-09-22,2024/25,Manchester City,Arsenal,Premier League,League,Home,9,,,,,,false,false,Sávio,,fbref-haaland-goal-log,https://fbref.com/en/players/1f44ac21/goallogs/all_comps/Erling-Haaland-Goal-Log,FBref,,true,Granular goal event from FBref. Aggregate Manchester City totals are reconciled separately against official Manchester City records.,city-2024-09-22-arsenal-premier-league
236,2024-10-01,2024/25,Manchester City,Slovan Bratislava,Champions Lg,Other,Away,58,,,,,,false,false,Rico Lewis,,fbref-haaland-goal-log,https://fbref.com/en/players/1f44ac21/goallogs/all_comps/Erling-Haaland-Goal-Log,FBref,,true,Granular goal event from FBref. Aggregate Manchester City totals are reconciled separately against official Manchester City records.,city-2024-10-01-slovan-bratislava-champions-lg
237,2024-10-23,2024/25,Manchester City,Sparta Prague,Champions Lg,Other,Home,58,,,,,,false,false,Sávio,,fbref-haaland-goal-log,https://fbref.com/en/players/1f44ac21/goallogs/all_comps/Erling-Haaland-Goal-Log,FBref,,true,Granular goal event from FBref. Aggregate Manchester City totals are reconciled separately against official Manchester City records.,city-2024-10-23-sparta-prague-champions-lg
238,2024-10-23,2024/25,Manchester City,Sparta Prague,Champions Lg,Other,Home,68,,,,,,false,false,Matheus Nunes,,fbref-haaland-goal-log,https://fbref.com/en/players/1f44ac21/goallogs/all_comps/Erling-Haaland-Goal-Log,FBref,,true,Granular goal event from FBref. Aggregate Manchester City totals are reconciled separately against official Manchester City records.,city-2024-10-23-sparta-prague-champions-lg
239,2024-10-26,2024/25,Manchester City,Southampton,Premier League,League,Home,5,,,,,,false,false,Matheus Nunes,,fbref-haaland-goal-log,https://fbref.com/en/players/1f44ac21/goallogs/all_comps/Erling-Haaland-Goal-Log,FBref,,true,Granular goal event from FBref. Aggregate Manchester City totals are reconciled separately against official Manchester City records.,city-2024-10-26-southampton-premier-league
240,2024-11-09,2024/25,Manchester City,Brighton,Premier League,League,Away,23,,,,,,false,false,,,fbref-haaland-goal-log,https://fbref.com/en/players/1f44ac21/goallogs/all_comps/Erling-Haaland-Goal-Log,FBref,,true,Granular goal event from FBref. Aggregate Manchester City totals are reconciled separately against official Manchester City records.,city-2024-11-09-brighton-premier-league
241,2024-11-26,2024/25,Manchester City,Feyenoord,Champions Lg,Other,Home,44,,,,Penalty,,true,false,,,fbref-haaland-goal-log,https://fbref.com/en/players/1f44ac21/goallogs/all_comps/Erling-Haaland-Goal-Log,FBref,,true,Granular goal event from FBref. Aggregate Manchester City totals are reconciled separately against official Manchester City records.,city-2024-11-26-feyenoord-champions-lg
242,2024-11-26,2024/25,Manchester City,Feyenoord,Champions Lg,Other,Home,53,,,,,,false,false,Matheus Nunes,,fbref-haaland-goal-log,https://fbref.com/en/players/1f44ac21/goallogs/all_comps/Erling-Haaland-Goal-Log,FBref,,true,Granular goal event from FBref. Aggregate Manchester City totals are reconciled separately against official Manchester City records.,city-2024-11-26-feyenoord-champions-lg
243,2024-12-07,2024/25,Manchester City,Crystal Palace,Premier League,League,Away,30,,,,,,false,false,Matheus Nunes,,fbref-haaland-goal-log,https://fbref.com/en/players/1f44ac21/goallogs/all_comps/Erling-Haaland-Goal-Log,FBref,,true,Granular goal event from FBref. Aggregate Manchester City totals are reconciled separately against official Manchester City records.,city-2024-12-07-crystal-palace-premier-league
244,2024-12-29,2024/25,Manchester City,Leicester City,Premier League,League,Away,74,,,,,,false,false,Sávio,,fbref-haaland-goal-log,https://fbref.com/en/players/1f44ac21/goallogs/all_comps/Erling-Haaland-Goal-Log,FBref,,true,Granular goal event from FBref. Aggregate Manchester City totals are reconciled separately against official Manchester City records.,city-2024-12-29-leicester-city-premier-league
245,2025-01-04,2024/25,Manchester City,West Ham,Premier League,League,Home,42,,,,,,false,false,Sávio,,fbref-haaland-goal-log,https://fbref.com/en/players/1f44ac21/goallogs/all_comps/Erling-Haaland-Goal-Log,FBref,,true,Granular goal event from FBref. Aggregate Manchester City totals are reconciled separately against official Manchester City records.,city-2025-01-04-west-ham-premier-league
246,2025-01-04,2024/25,Manchester City,West Ham,Premier League,League,Home,55,,,,,,false,false,Sávio,,fbref-haaland-goal-log,https://fbref.com/en/players/1f44ac21/goallogs/all_comps/Erling-Haaland-Goal-Log,FBref,,true,Granular goal event from FBref. Aggregate Manchester City totals are reconciled separately against official Manchester City records.,city-2025-01-04-west-ham-premier-league
247,2025-01-19,2024/25,Manchester City,Ipswich Town,Premier League,League,Away,57,,,,,,false,false,Jeremy Doku,,fbref-haaland-goal-log,https://fbref.com/en/players/1f44ac21/goallogs/all_comps/Erling-Haaland-Goal-Log,FBref,,true,Granular goal event from FBref. Aggregate Manchester City totals are reconciled separately against official Manchester City records.,city-2025-01-19-ipswich-town-premier-league
248,2025-01-22,2024/25,Manchester City,PSG,Champions Lg,Other,Away,53,,,,,,false,false,,,fbref-haaland-goal-log,https://fbref.com/en/players/1f44ac21/goallogs/all_comps/Erling-Haaland-Goal-Log,FBref,,true,Granular goal event from FBref. Aggregate Manchester City totals are reconciled separately against official Manchester City records.,city-2025-01-22-psg-champions-lg
249,2025-01-25,2024/25,Manchester City,Chelsea,Premier League,League,Home,68,,,,,,false,false,Ederson Moraes,,fbref-haaland-goal-log,https://fbref.com/en/players/1f44ac21/goallogs/all_comps/Erling-Haaland-Goal-Log,FBref,,true,Granular goal event from FBref. Aggregate Manchester City totals are reconciled separately against official Manchester City records.,city-2025-01-25-chelsea-premier-league
250,2025-02-02,2024/25,Manchester City,Arsenal,Premier League,League,Away,55,,,,,,false,false,Sávio,,fbref-haaland-goal-log,https://fbref.com/en/players/1f44ac21/goallogs/all_comps/Erling-Haaland-Goal-Log,FBref,,true,Granular goal event from FBref. Aggregate Manchester City totals are reconciled separately against official Manchester City records.,city-2025-02-02-arsenal-premier-league
251,2025-02-11,2024/25,Manchester City,Real Madrid,Champions Lg,Other,Home,19,,,,,,false,false,Joško Gvardiol,,fbref-haaland-goal-log,https://fbref.com/en/players/1f44ac21/goallogs/all_comps/Erling-Haaland-Goal-Log,FBref,,true,Granular goal event from FBref. Aggregate Manchester City totals are reconciled separately against official Manchester City records.,city-2025-02-11-real-madrid-champions-lg
252,2025-02-11,2024/25,Manchester City,Real Madrid,Champions Lg,Other,Home,80,,,,Penalty,,true,false,,,fbref-haaland-goal-log,https://fbref.com/en/players/1f44ac21/goallogs/all_comps/Erling-Haaland-Goal-Log,FBref,,true,Granular goal event from FBref. Aggregate Manchester City totals are reconciled separately against official Manchester City records.,city-2025-02-11-real-madrid-champions-lg
253,2025-02-26,2024/25,Manchester City,Tottenham,Premier League,League,Away,12,,,,,,false,false,,,fbref-haaland-goal-log,https://fbref.com/en/players/1f44ac21/goallogs/all_comps/Erling-Haaland-Goal-Log,FBref,,true,Granular goal event from FBref. Aggregate Manchester City totals are reconciled separately against official Manchester City records.,city-2025-02-26-tottenham-premier-league
254,2025-03-15,2024/25,Manchester City,Brighton,Premier League,League,Home,11,,,,Penalty,,true,false,,,fbref-haaland-goal-log,https://fbref.com/en/players/1f44ac21/goallogs/all_comps/Erling-Haaland-Goal-Log,FBref,,true,Granular goal event from FBref. Aggregate Manchester City totals are reconciled separately against official Manchester City records.,city-2025-03-15-brighton-premier-league
255,2025-03-30,2024/25,Manchester City,Bournemouth,FA Cup,Domestic Cup,Away,49,,,,,,false,false,Nico O'Reilly,,fbref-haaland-goal-log,https://fbref.com/en/players/1f44ac21/goallogs/all_comps/Erling-Haaland-Goal-Log,FBref,,true,Granular goal event from FBref. Aggregate Manchester City totals are reconciled separately against official Manchester City records.,city-2025-03-30-bournemouth-fa-cup
256,2025-05-25,2024/25,Manchester City,Fulham,Premier League,League,Away,72,,,,Penalty,,true,false,,,fbref-haaland-goal-log,https://fbref.com/en/players/1f44ac21/goallogs/all_comps/Erling-Haaland-Goal-Log,FBref,,true,Granular goal event from FBref. Aggregate Manchester City totals are reconciled separately against official Manchester City records.,city-2025-05-25-fulham-premier-league
257,2025-06-22,2024/25,Manchester City,Al Ain,FIFA Club World Cup,Other,Neutral,45,5,,,Penalty,,true,false,,,fbref-haaland-goal-log,https://fbref.com/en/players/1f44ac21/goallogs/all_comps/Erling-Haaland-Goal-Log,FBref,,true,Granular goal event from FBref. Aggregate Manchester City totals are reconciled separately against official Manchester City records.,city-2025-06-22-al-ain-fifa-club-world-cup
258,2025-06-26,2024/25,Manchester City,Juventus,FIFA Club World Cup,Other,Neutral,52,,,,,,false,false,Matheus Nunes,,fbref-haaland-goal-log,https://fbref.com/en/players/1f44ac21/goallogs/all_comps/Erling-Haaland-Goal-Log,FBref,,true,Granular goal event from FBref. Aggregate Manchester City totals are reconciled separately against official Manchester City records.,city-2025-06-26-juventus-fifa-club-world-cup
259,2025-06-30,2024/25,Manchester City,Al-Hilal,FIFA Club World Cup,Other,Neutral,55,,,,,,false,false,,,fbref-haaland-goal-log,https://fbref.com/en/players/1f44ac21/goallogs/all_comps/Erling-Haaland-Goal-Log,FBref,,true,Granular goal event from FBref. Aggregate Manchester City totals are reconciled separately against official Manchester City records.,city-2025-06-30-al-hilal-fifa-club-world-cup
260,2025-08-16,2025/26,Manchester City,Wolves,Premier League,League,Away,34,,,,,,false,false,Rico Lewis,,fbref-haaland-goal-log,https://fbref.com/en/players/1f44ac21/goallogs/all_comps/Erling-Haaland-Goal-Log,FBref,,true,Granular goal event from FBref. Aggregate Manchester City totals are reconciled separately against official Manchester City records.,city-2025-08-16-wolves-premier-league
261,2025-08-16,2025/26,Manchester City,Wolves,Premier League,League,Away,61,,,,,,false,false,Tijjani Reijnders,,fbref-haaland-goal-log,https://fbref.com/en/players/1f44ac21/goallogs/all_comps/Erling-Haaland-Goal-Log,FBref,,true,Granular goal event from FBref. Aggregate Manchester City totals are reconciled separately against official Manchester City records.,city-2025-08-16-wolves-premier-league
262,2025-08-31,2025/26,Manchester City,Brighton,Premier League,League,Away,34,,,,,,false,false,Omar Marmoush,,fbref-haaland-goal-log,https://fbref.com/en/players/1f44ac21/goallogs/all_comps/Erling-Haaland-Goal-Log,FBref,,true,Granular goal event from FBref. Aggregate Manchester City totals are reconciled separately against official Manchester City records.,city-2025-08-31-brighton-premier-league
263,2025-09-14,2025/26,Manchester City,Manchester Utd,Premier League,League,Home,53,,,,,,false,false,Jeremy Doku,,fbref-haaland-goal-log,https://fbref.com/en/players/1f44ac21/goallogs/all_comps/Erling-Haaland-Goal-Log,FBref,,true,Granular goal event from FBref. Aggregate Manchester City totals are reconciled separately against official Manchester City records.,city-2025-09-14-manchester-utd-premier-league
264,2025-09-14,2025/26,Manchester City,Manchester Utd,Premier League,League,Home,68,,,,,,false,false,Bernardo Silva,,fbref-haaland-goal-log,https://fbref.com/en/players/1f44ac21/goallogs/all_comps/Erling-Haaland-Goal-Log,FBref,,true,Granular goal event from FBref. Aggregate Manchester City totals are reconciled separately against official Manchester City records.,city-2025-09-14-manchester-utd-premier-league
265,2025-09-18,2025/26,Manchester City,Napoli,Champions Lg,Other,Home,56,,,,,,false,false,Phil Foden,,fbref-haaland-goal-log,https://fbref.com/en/players/1f44ac21/goallogs/all_comps/Erling-Haaland-Goal-Log,FBref,,true,Granular goal event from FBref. Aggregate Manchester City totals are reconciled separately against official Manchester City records.,city-2025-09-18-napoli-champions-lg
266,2025-09-21,2025/26,Manchester City,Arsenal,Premier League,League,Away,9,,,,,,false,false,Tijjani Reijnders,,fbref-haaland-goal-log,https://fbref.com/en/players/1f44ac21/goallogs/all_comps/Erling-Haaland-Goal-Log,FBref,,true,Granular goal event from FBref. Aggregate Manchester City totals are reconciled separately against official Manchester City records.,city-2025-09-21-arsenal-premier-league
267,2025-09-27,2025/26,Manchester City,Burnley,Premier League,League,Home,90,,,,,,false,false,Jeremy Doku,,fbref-haaland-goal-log,https://fbref.com/en/players/1f44ac21/goallogs/all_comps/Erling-Haaland-Goal-Log,FBref,,true,Granular goal event from FBref. Aggregate Manchester City totals are reconciled separately against official Manchester City records.,city-2025-09-27-burnley-premier-league
268,2025-09-27,2025/26,Manchester City,Burnley,Premier League,League,Home,90,3,,,,,false,false,,,fbref-haaland-goal-log,https://fbref.com/en/players/1f44ac21/goallogs/all_comps/Erling-Haaland-Goal-Log,FBref,,true,Granular goal event from FBref. Aggregate Manchester City totals are reconciled separately against official Manchester City records.,city-2025-09-27-burnley-premier-league
269,2025-10-01,2025/26,Manchester City,Monaco,Champions Lg,Other,Away,15,,,,,,false,false,Joško Gvardiol,,fbref-haaland-goal-log,https://fbref.com/en/players/1f44ac21/goallogs/all_comps/Erling-Haaland-Goal-Log,FBref,,true,Granular goal event from FBref. Aggregate Manchester City totals are reconciled separately against official Manchester City records.,city-2025-10-01-monaco-champions-lg
270,2025-10-01,2025/26,Manchester City,Monaco,Champions Lg,Other,Away,44,,,,,,false,false,Nico O'Reilly,,fbref-haaland-goal-log,https://fbref.com/en/players/1f44ac21/goallogs/all_comps/Erling-Haaland-Goal-Log,FBref,,true,Granular goal event from FBref. Aggregate Manchester City totals are reconciled separately against official Manchester City records.,city-2025-10-01-monaco-champions-lg
271,2025-10-05,2025/26,Manchester City,Brentford,Premier League,League,Away,9,,,,,,false,false,Joško Gvardiol,,fbref-haaland-goal-log,https://fbref.com/en/players/1f44ac21/goallogs/all_comps/Erling-Haaland-Goal-Log,FBref,,true,Granular goal event from FBref. Aggregate Manchester City totals are reconciled separately against official Manchester City records.,city-2025-10-05-brentford-premier-league
272,2025-10-18,2025/26,Manchester City,Everton,Premier League,League,Home,58,,,,,,false,false,Nico O'Reilly,,fbref-haaland-goal-log,https://fbref.com/en/players/1f44ac21/goallogs/all_comps/Erling-Haaland-Goal-Log,FBref,,true,Granular goal event from FBref. Aggregate Manchester City totals are reconciled separately against official Manchester City records.,city-2025-10-18-everton-premier-league
273,2025-10-18,2025/26,Manchester City,Everton,Premier League,League,Home,63,,,,,,false,false,Sávio,,fbref-haaland-goal-log,https://fbref.com/en/players/1f44ac21/goallogs/all_comps/Erling-Haaland-Goal-Log,FBref,,true,Granular goal event from FBref. Aggregate Manchester City totals are reconciled separately against official Manchester City records.,city-2025-10-18-everton-premier-league
274,2025-10-21,2025/26,Manchester City,Villarreal,Champions Lg,Other,Away,17,,,,,,false,false,Rico Lewis,,fbref-haaland-goal-log,https://fbref.com/en/players/1f44ac21/goallogs/all_comps/Erling-Haaland-Goal-Log,FBref,,true,Granular goal event from FBref. Aggregate Manchester City totals are reconciled separately against official Manchester City records.,city-2025-10-21-villarreal-champions-lg
275,2025-11-02,2025/26,Manchester City,Bournemouth,Premier League,League,Home,17,,,,,,false,false,Rayan Cherki,,fbref-haaland-goal-log,https://fbref.com/en/players/1f44ac21/goallogs/all_comps/Erling-Haaland-Goal-Log,FBref,,true,Granular goal event from FBref. Aggregate Manchester City totals are reconciled separately against official Manchester City records.,city-2025-11-02-bournemouth-premier-league
276,2025-11-02,2025/26,Manchester City,Bournemouth,Premier League,League,Home,33,,,,,,false,false,Rayan Cherki,,fbref-haaland-goal-log,https://fbref.com/en/players/1f44ac21/goallogs/all_comps/Erling-Haaland-Goal-Log,FBref,,true,Granular goal event from FBref. Aggregate Manchester City totals are reconciled separately against official Manchester City records.,city-2025-11-02-bournemouth-premier-league
277,2025-11-05,2025/26,Manchester City,Dortmund,Champions Lg,Other,Home,29,,,,,,false,false,Jeremy Doku,,fbref-haaland-goal-log,https://fbref.com/en/players/1f44ac21/goallogs/all_comps/Erling-Haaland-Goal-Log,FBref,,true,Granular goal event from FBref. Aggregate Manchester City totals are reconciled separately against official Manchester City records.,city-2025-11-05-dortmund-champions-lg
278,2025-11-09,2025/26,Manchester City,Liverpool,Premier League,League,Home,29,,,,,,false,false,Matheus Nunes,,fbref-haaland-goal-log,https://fbref.com/en/players/1f44ac21/goallogs/all_comps/Erling-Haaland-Goal-Log,FBref,,true,Granular goal event from FBref. Aggregate Manchester City totals are reconciled separately against official Manchester City records.,city-2025-11-09-liverpool-premier-league
279,2025-12-02,2025/26,Manchester City,Fulham,Premier League,League,Away,17,,,,,,false,false,Jeremy Doku,,fbref-haaland-goal-log,https://fbref.com/en/players/1f44ac21/goallogs/all_comps/Erling-Haaland-Goal-Log,FBref,,true,Granular goal event from FBref. Aggregate Manchester City totals are reconciled separately against official Manchester City records.,city-2025-12-02-fulham-premier-league
280,2025-12-10,2025/26,Manchester City,Real Madrid,Champions Lg,Other,Away,43,,,,Penalty,,true,false,,,fbref-haaland-goal-log,https://fbref.com/en/players/1f44ac21/goallogs/all_comps/Erling-Haaland-Goal-Log,FBref,,true,Granular goal event from FBref. Aggregate Manchester City totals are reconciled separately against official Manchester City records.,city-2025-12-10-real-madrid-champions-lg
281,2025-12-14,2025/26,Manchester City,Crystal Palace,Premier League,League,Away,41,,,,,,false,false,Matheus Nunes,,fbref-haaland-goal-log,https://fbref.com/en/players/1f44ac21/goallogs/all_comps/Erling-Haaland-Goal-Log,FBref,,true,Granular goal event from FBref. Aggregate Manchester City totals are reconciled separately against official Manchester City records.,city-2025-12-14-crystal-palace-premier-league
282,2025-12-14,2025/26,Manchester City,Crystal Palace,Premier League,League,Away,89,,,,Penalty,,true,false,,,fbref-haaland-goal-log,https://fbref.com/en/players/1f44ac21/goallogs/all_comps/Erling-Haaland-Goal-Log,FBref,,true,Granular goal event from FBref. Aggregate Manchester City totals are reconciled separately against official Manchester City records.,city-2025-12-14-crystal-palace-premier-league
283,2025-12-20,2025/26,Manchester City,West Ham,Premier League,League,Home,5,,,,,,false,false,,,fbref-haaland-goal-log,https://fbref.com/en/players/1f44ac21/goallogs/all_comps/Erling-Haaland-Goal-Log,FBref,,true,Granular goal event from FBref. Aggregate Manchester City totals are reconciled separately against official Manchester City records.,city-2025-12-20-west-ham-premier-league
284,2025-12-20,2025/26,Manchester City,West Ham,Premier League,League,Home,69,,,,,,false,false,,,fbref-haaland-goal-log,https://fbref.com/en/players/1f44ac21/goallogs/all_comps/Erling-Haaland-Goal-Log,FBref,,true,Granular goal event from FBref. Aggregate Manchester City totals are reconciled separately against official Manchester City records.,city-2025-12-20-west-ham-premier-league
285,2026-01-07,2025/26,Manchester City,Brighton,Premier League,League,Home,41,,,,Penalty,,true,false,,,fbref-haaland-goal-log,https://fbref.com/en/players/1f44ac21/goallogs/all_comps/Erling-Haaland-Goal-Log,FBref,,true,Granular goal event from FBref. Aggregate Manchester City totals are reconciled separately against official Manchester City records.,city-2026-01-07-brighton-premier-league
286,2026-01-28,2025/26,Manchester City,Galatasaray,Champions Lg,Other,Home,10,,,,,,false,false,Jeremy Doku,,fbref-haaland-goal-log,https://fbref.com/en/players/1f44ac21/goallogs/all_comps/Erling-Haaland-Goal-Log,FBref,,true,Granular goal event from FBref. Aggregate Manchester City totals are reconciled separately against official Manchester City records.,city-2026-01-28-galatasaray-champions-lg
287,2026-02-08,2025/26,Manchester City,Liverpool,Premier League,League,Away,90,3,,,Penalty,,true,false,,,fbref-haaland-goal-log,https://fbref.com/en/players/1f44ac21/goallogs/all_comps/Erling-Haaland-Goal-Log,FBref,,true,Granular goal event from FBref. Aggregate Manchester City totals are reconciled separately against official Manchester City records.,city-2026-02-08-liverpool-premier-league
288,2026-02-11,2025/26,Manchester City,Fulham,Premier League,League,Home,39,,,,,,false,false,Phil Foden,,fbref-haaland-goal-log,https://fbref.com/en/players/1f44ac21/goallogs/all_comps/Erling-Haaland-Goal-Log,FBref,,true,Granular goal event from FBref. Aggregate Manchester City totals are reconciled separately against official Manchester City records.,city-2026-02-11-fulham-premier-league
289,2026-03-17,2025/26,Manchester City,Real Madrid,Champions Lg,Other,Home,41,,,,,,false,false,,,fbref-haaland-goal-log,https://fbref.com/en/players/1f44ac21/goallogs/all_comps/Erling-Haaland-Goal-Log,FBref,,true,Granular goal event from FBref. Aggregate Manchester City totals are reconciled separately against official Manchester City records.,city-2026-03-17-real-madrid-champions-lg
290,2026-04-04,2025/26,Manchester City,Liverpool,FA Cup,Domestic Cup,Home,39,,,,Penalty,,true,false,,,fbref-haaland-goal-log,https://fbref.com/en/players/1f44ac21/goallogs/all_comps/Erling-Haaland-Goal-Log,FBref,,true,Granular goal event from FBref. Aggregate Manchester City totals are reconciled separately against official Manchester City records.,city-2026-04-04-liverpool-fa-cup
291,2026-04-04,2025/26,Manchester City,Liverpool,FA Cup,Domestic Cup,Home,45,2,,,,,false,false,Antoine Semenyo,,fbref-haaland-goal-log,https://fbref.com/en/players/1f44ac21/goallogs/all_comps/Erling-Haaland-Goal-Log,FBref,,true,Granular goal event from FBref. Aggregate Manchester City totals are reconciled separately against official Manchester City records.,city-2026-04-04-liverpool-fa-cup
292,2026-04-04,2025/26,Manchester City,Liverpool,FA Cup,Domestic Cup,Home,57,,,,,,false,false,Nico O'Reilly,,fbref-haaland-goal-log,https://fbref.com/en/players/1f44ac21/goallogs/all_comps/Erling-Haaland-Goal-Log,FBref,,true,Granular goal event from FBref. Aggregate Manchester City totals are reconciled separately against official Manchester City records.,city-2026-04-04-liverpool-fa-cup
293,2026-04-19,2025/26,Manchester City,Arsenal,Premier League,League,Home,65,,,,,,false,false,,,fbref-haaland-goal-log,https://fbref.com/en/players/1f44ac21/goallogs/all_comps/Erling-Haaland-Goal-Log,FBref,,true,Granular goal event from FBref. Aggregate Manchester City totals are reconciled separately against official Manchester City records.,city-2026-04-19-arsenal-premier-league
294,2026-04-22,2025/26,Manchester City,Burnley,Premier League,League,Away,5,,,,,,false,false,Jeremy Doku,,fbref-haaland-goal-log,https://fbref.com/en/players/1f44ac21/goallogs/all_comps/Erling-Haaland-Goal-Log,FBref,,true,Granular goal event from FBref. Aggregate Manchester City totals are reconciled separately against official Manchester City records.,city-2026-04-22-burnley-premier-league
295,2026-05-04,2025/26,Manchester City,Everton,Premier League,League,Away,83,,,,,,false,false,Mateo Kovačić,,fbref-haaland-goal-log,https://fbref.com/en/players/1f44ac21/goallogs/all_comps/Erling-Haaland-Goal-Log,FBref,,true,Granular goal event from FBref. Aggregate Manchester City totals are reconciled separately against official Manchester City records.,city-2026-05-04-everton-premier-league
296,2026-05-09,2025/26,Manchester City,Brentford,Premier League,League,Home,75,,,,,,false,false,,,fbref-haaland-goal-log,https://fbref.com/en/players/1f44ac21/goallogs/all_comps/Erling-Haaland-Goal-Log,FBref,,true,Granular goal event from FBref. Aggregate Manchester City totals are reconciled separately against official Manchester City records.,city-2026-05-09-brentford-premier-league
297,2026-05-19,2025/26,Manchester City,Bournemouth,Premier League,League,Away,90,5,,,,,false,false,,,fbref-haaland-goal-log,https://fbref.com/en/players/1f44ac21/goallogs/all_comps/Erling-Haaland-Goal-Log,FBref,,true,Granular goal event from FBref. Aggregate Manchester City totals are reconciled separately against official Manchester City records.,city-2026-05-19-bournemouth-premier-league
298,2026-08-28,2026/27,Manchester City,Crystal Palace,Premier League,League,Away,17,,,,,,false,false,Antoine Semenyo,,fbref-haaland-goal-log,https://fbref.com/en/players/1f44ac21/goallogs/all_comps/Erling-Haaland-Goal-Log,FBref,,true,Granular goal event from FBref. Aggregate Manchester City totals are reconciled separately against official Manchester City records.,city-2026-08-28-crystal-palace-premier-league
299,2026-08-28,2026/27,Manchester City,Crystal Palace,Premier League,League,Away,84,,,,,,false,false,Phil Foden,,fbref-haaland-goal-log,https://fbref.com/en/players/1f44ac21/goallogs/all_comps/Erling-Haaland-Goal-Log,FBref,,true,Granular goal event from FBref. Aggregate Manchester City totals are reconciled separately against official Manchester City records.,city-2026-08-28-crystal-palace-premier-league
300,2020-09-04,2020/21,Norway,Austria,UEFA Nations League,International,Home,66,,,,,,false,false,Alexander Sørloth,,fbref-haaland-goal-log,https://fbref.com/en/players/1f44ac21/goallogs/all_comps/Erling-Haaland-Goal-Log,FBref,,true,Granular Norway goal event from FBref. Aggregate senior international total reconciled against the Norwegian Football Federation.,norway-2020-09-04-austria-uefa-nations-league
301,2020-09-07,2020/21,Norway,Northern Ireland,UEFA Nations League,International,Away,7,,,,,,false,false,,,fbref-haaland-goal-log,https://fbref.com/en/players/1f44ac21/goallogs/all_comps/Erling-Haaland-Goal-Log,FBref,,true,Granular Norway goal event from FBref. Aggregate senior international total reconciled against the Norwegian Football Federation.,norway-2020-09-07-northern-ireland-uefa-nations-league
302,2020-09-07,2020/21,Norway,Northern Ireland,UEFA Nations League,International,Away,58,,,,,,false,false,Omar Elabdellaoui,,fbref-haaland-goal-log,https://fbref.com/en/players/1f44ac21/goallogs/all_comps/Erling-Haaland-Goal-Log,FBref,,true,Granular Norway goal event from FBref. Aggregate senior international total reconciled against the Norwegian Football Federation.,norway-2020-09-07-northern-ireland-uefa-nations-league
303,2020-10-11,2020/21,Norway,Romania,UEFA Nations League,International,Home,13,,,,,,false,false,,,fbref-haaland-goal-log,https://fbref.com/en/players/1f44ac21/goallogs/all_comps/Erling-Haaland-Goal-Log,FBref,,true,Granular Norway goal event from FBref. Aggregate senior international total reconciled against the Norwegian Football Federation.,norway-2020-10-11-romania-uefa-nations-league
304,2020-10-11,2020/21,Norway,Romania,UEFA Nations League,International,Home,64,,,,,,false,false,,,fbref-haaland-goal-log,https://fbref.com/en/players/1f44ac21/goallogs/all_comps/Erling-Haaland-Goal-Log,FBref,,true,Granular Norway goal event from FBref. Aggregate senior international total reconciled against the Norwegian Football Federation.,norway-2020-10-11-romania-uefa-nations-league
305,2020-10-11,2020/21,Norway,Romania,UEFA Nations League,International,Home,74,,,,,,false,false,,,fbref-haaland-goal-log,https://fbref.com/en/players/1f44ac21/goallogs/all_comps/Erling-Haaland-Goal-Log,FBref,,true,Granular Norway goal event from FBref. Aggregate senior international total reconciled against the Norwegian Football Federation.,norway-2020-10-11-romania-uefa-nations-league
306,2021-06-02,2020/21,Norway,Luxembourg,Friendlies (M),International,Home,90,2,,,,,false,false,,,fbref-haaland-goal-log,https://fbref.com/en/players/1f44ac21/goallogs/all_comps/Erling-Haaland-Goal-Log,FBref,,true,Granular Norway goal event from FBref. Aggregate senior international total reconciled against the Norwegian Football Federation.,norway-2021-06-02-luxembourg-friendlies-m
307,2021-09-01,2021/22,Norway,Netherlands,WCQ,International,Home,20,,,,,,false,false,Stefan Strandberg,,fbref-haaland-goal-log,https://fbref.com/en/players/1f44ac21/goallogs/all_comps/Erling-Haaland-Goal-Log,FBref,,true,Granular Norway goal event from FBref. Aggregate senior international total reconciled against the Norwegian Football Federation.,norway-2021-09-01-netherlands-wcq
308,2021-09-04,2021/22,Norway,Latvia,WCQ,International,Away,20,,,,Penalty,,true,false,,,fbref-haaland-goal-log,https://fbref.com/en/players/1f44ac21/goallogs/all_comps/Erling-Haaland-Goal-Log,FBref,,true,Granular Norway goal event from FBref. Aggregate senior international total reconciled against the Norwegian Football Federation.,norway-2021-09-04-latvia-wcq
309,2021-09-07,2021/22,Norway,Gibraltar,WCQ,International,Home,27,,,,,,false,false,Kristian Thorstvedt,,fbref-haaland-goal-log,https://fbref.com/en/players/1f44ac21/goallogs/all_comps/Erling-Haaland-Goal-Log,FBref,,true,Granular Norway goal event from FBref. Aggregate senior international total reconciled against the Norwegian Football Federation.,norway-2021-09-07-gibraltar-wcq
310,2021-09-07,2021/22,Norway,Gibraltar,WCQ,International,Home,39,,,,,,false,false,Alexander Sørloth,,fbref-haaland-goal-log,https://fbref.com/en/players/1f44ac21/goallogs/all_comps/Erling-Haaland-Goal-Log,FBref,,true,Granular Norway goal event from FBref. Aggregate senior international total reconciled against the Norwegian Football Federation.,norway-2021-09-07-gibraltar-wcq
311,2021-09-07,2021/22,Norway,Gibraltar,WCQ,International,Home,90,1,,,,,false,false,Marcus Pedersen,,fbref-haaland-goal-log,https://fbref.com/en/players/1f44ac21/goallogs/all_comps/Erling-Haaland-Goal-Log,FBref,,true,Granular Norway goal event from FBref. Aggregate senior international total reconciled against the Norwegian Football Federation.,norway-2021-09-07-gibraltar-wcq
312,2022-03-25,2021/22,Norway,Slovakia,Friendlies (M),International,Neutral,77,,,,,,false,false,Kristian Thorstvedt,,fbref-haaland-goal-log,https://fbref.com/en/players/1f44ac21/goallogs/all_comps/Erling-Haaland-Goal-Log,FBref,,true,Granular Norway goal event from FBref. Aggregate senior international total reconciled against the Norwegian Football Federation.,norway-2022-03-25-slovakia-friendlies-m
313,2022-03-29,2021/22,Norway,Armenia,Friendlies (M),International,Neutral,24,,,,,,false,false,Mohamed Elyounoussi,,fbref-haaland-goal-log,https://fbref.com/en/players/1f44ac21/goallogs/all_comps/Erling-Haaland-Goal-Log,FBref,,true,Granular Norway goal event from FBref. Aggregate senior international total reconciled against the Norwegian Football Federation.,norway-2022-03-29-armenia-friendlies-m
314,2022-03-29,2021/22,Norway,Armenia,Friendlies (M),International,Neutral,45,1,,,,,false,false,Kristian Thorstvedt,,fbref-haaland-goal-log,https://fbref.com/en/players/1f44ac21/goallogs/all_comps/Erling-Haaland-Goal-Log,FBref,,true,Granular Norway goal event from FBref. Aggregate senior international total reconciled against the Norwegian Football Federation.,norway-2022-03-29-armenia-friendlies-m
315,2022-06-02,2021/22,Norway,Serbia,UEFA Nations League,International,Away,26,,,,,,false,false,Marcus Pedersen,,fbref-haaland-goal-log,https://fbref.com/en/players/1f44ac21/goallogs/all_comps/Erling-Haaland-Goal-Log,FBref,,true,Granular Norway goal event from FBref. Aggregate senior international total reconciled against the Norwegian Football Federation.,norway-2022-06-02-serbia-uefa-nations-league
316,2022-06-05,2021/22,Norway,Sweden,UEFA Nations League,International,Away,20,,,,Penalty,,true,false,,,fbref-haaland-goal-log,https://fbref.com/en/players/1f44ac21/goallogs/all_comps/Erling-Haaland-Goal-Log,FBref,,true,Granular Norway goal event from FBref. Aggregate senior international total reconciled against the Norwegian Football Federation.,norway-2022-06-05-sweden-uefa-nations-league
317,2022-06-05,2021/22,Norway,Sweden,UEFA Nations League,International,Away,69,,,,,,false,false,Alexander Sørloth,,fbref-haaland-goal-log,https://fbref.com/en/players/1f44ac21/goallogs/all_comps/Erling-Haaland-Goal-Log,FBref,,true,Granular Norway goal event from FBref. Aggregate senior international total reconciled against the Norwegian Football Federation.,norway-2022-06-05-sweden-uefa-nations-league
318,2022-06-12,2021/22,Norway,Sweden,UEFA Nations League,International,Home,10,,,,,,false,false,Fredrik André Bjørkan,,fbref-haaland-goal-log,https://fbref.com/en/players/1f44ac21/goallogs/all_comps/Erling-Haaland-Goal-Log,FBref,,true,Granular Norway goal event from FBref. Aggregate senior international total reconciled against the Norwegian Football Federation.,norway-2022-06-12-sweden-uefa-nations-league
319,2022-06-12,2021/22,Norway,Sweden,UEFA Nations League,International,Home,54,,,,Penalty,,true,false,,,fbref-haaland-goal-log,https://fbref.com/en/players/1f44ac21/goallogs/all_comps/Erling-Haaland-Goal-Log,FBref,,true,Granular Norway goal event from FBref. Aggregate senior international total reconciled against the Norwegian Football Federation.,norway-2022-06-12-sweden-uefa-nations-league
320,2022-09-24,2022/23,Norway,Slovenia,UEFA Nations League,International,Away,47,,,,,,false,false,Mohamed Elyounoussi,,fbref-haaland-goal-log,https://fbref.com/en/players/1f44ac21/goallogs/all_comps/Erling-Haaland-Goal-Log,FBref,,true,Granular Norway goal event from FBref. Aggregate senior international total reconciled against the Norwegian Football Federation.,norway-2022-09-24-slovenia-uefa-nations-league
321,2023-06-17,2022/23,Norway,Scotland,UEFA European Championship Qualifying,International,Home,61,,,,Penalty,,true,false,,,fbref-haaland-goal-log,https://fbref.com/en/players/1f44ac21/goallogs/all_comps/Erling-Haaland-Goal-Log,FBref,,true,Granular Norway goal event from FBref. Aggregate senior international total reconciled against the Norwegian Football Federation.,norway-2023-06-17-scotland-uefa-european-championship-qualifying
322,2023-06-20,2022/23,Norway,Cyprus,UEFA European Championship Qualifying,International,Home,56,,,,Penalty,,true,false,,,fbref-haaland-goal-log,https://fbref.com/en/players/1f44ac21/goallogs/all_comps/Erling-Haaland-Goal-Log,FBref,,true,Granular Norway goal event from FBref. Aggregate senior international total reconciled against the Norwegian Football Federation.,norway-2023-06-20-cyprus-uefa-european-championship-qualifying
323,2023-06-20,2022/23,Norway,Cyprus,UEFA European Championship Qualifying,International,Home,60,,,,,,false,false,Martin Ødegaard,,fbref-haaland-goal-log,https://fbref.com/en/players/1f44ac21/goallogs/all_comps/Erling-Haaland-Goal-Log,FBref,,true,Granular Norway goal event from FBref. Aggregate senior international total reconciled against the Norwegian Football Federation.,norway-2023-06-20-cyprus-uefa-european-championship-qualifying
324,2023-09-12,2023/24,Norway,Georgia,UEFA European Championship Qualifying,International,Home,25,,,,,,false,false,Antonio Nusa,,fbref-haaland-goal-log,https://fbref.com/en/players/1f44ac21/goallogs/all_comps/Erling-Haaland-Goal-Log,FBref,,true,Granular Norway goal event from FBref. Aggregate senior international total reconciled against the Norwegian Football Federation.,norway-2023-09-12-georgia-uefa-european-championship-qualifying
325,2023-10-12,2023/24,Norway,Cyprus,UEFA European Championship Qualifying,International,Away,65,,,,,,false,false,Fredrik Aursnes,,fbref-haaland-goal-log,https://fbref.com/en/players/1f44ac21/goallogs/all_comps/Erling-Haaland-Goal-Log,FBref,,true,Granular Norway goal event from FBref. Aggregate senior international total reconciled against the Norwegian Football Federation.,norway-2023-10-12-cyprus-uefa-european-championship-qualifying
326,2023-10-12,2023/24,Norway,Cyprus,UEFA European Championship Qualifying,International,Away,72,,,,,,false,false,Antonio Nusa,,fbref-haaland-goal-log,https://fbref.com/en/players/1f44ac21/goallogs/all_comps/Erling-Haaland-Goal-Log,FBref,,true,Granular Norway goal event from FBref. Aggregate senior international total reconciled against the Norwegian Football Federation.,norway-2023-10-12-cyprus-uefa-european-championship-qualifying
327,2024-06-05,2023/24,Norway,Kosovo,Friendlies (M),International,Home,15,,,,,,false,false,David Møller Wolfe,,fbref-haaland-goal-log,https://fbref.com/en/players/1f44ac21/goallogs/all_comps/Erling-Haaland-Goal-Log,FBref,,true,Granular Norway goal event from FBref. Aggregate senior international total reconciled against the Norwegian Football Federation.,norway-2024-06-05-kosovo-friendlies-m
328,2024-06-05,2023/24,Norway,Kosovo,Friendlies (M),International,Home,70,,,,,,false,false,Antonio Nusa,,fbref-haaland-goal-log,https://fbref.com/en/players/1f44ac21/goallogs/all_comps/Erling-Haaland-Goal-Log,FBref,,true,Granular Norway goal event from FBref. Aggregate senior international total reconciled against the Norwegian Football Federation.,norway-2024-06-05-kosovo-friendlies-m
329,2024-06-05,2023/24,Norway,Kosovo,Friendlies (M),International,Home,75,,,,,,false,false,Aron Dønnum,,fbref-haaland-goal-log,https://fbref.com/en/players/1f44ac21/goallogs/all_comps/Erling-Haaland-Goal-Log,FBref,,true,Granular Norway goal event from FBref. Aggregate senior international total reconciled against the Norwegian Football Federation.,norway-2024-06-05-kosovo-friendlies-m
330,2024-06-08,2023/24,Norway,Denmark,Friendlies (M),International,Away,72,,,,,,false,false,Martin Ødegaard,,fbref-haaland-goal-log,https://fbref.com/en/players/1f44ac21/goallogs/all_comps/Erling-Haaland-Goal-Log,FBref,,true,Granular Norway goal event from FBref. Aggregate senior international total reconciled against the Norwegian Football Federation.,norway-2024-06-08-denmark-friendlies-m
331,2024-09-09,2024/25,Norway,Austria,UEFA Nations League,International,Home,80,,,,,,false,false,Jostein Gundersen,,fbref-haaland-goal-log,https://fbref.com/en/players/1f44ac21/goallogs/all_comps/Erling-Haaland-Goal-Log,FBref,,true,Granular Norway goal event from FBref. Aggregate senior international total reconciled against the Norwegian Football Federation.,norway-2024-09-09-austria-uefa-nations-league
332,2024-10-10,2024/25,Norway,Slovenia,UEFA Nations League,International,Home,7,,,,,,false,false,,,fbref-haaland-goal-log,https://fbref.com/en/players/1f44ac21/goallogs/all_comps/Erling-Haaland-Goal-Log,FBref,,true,Granular Norway goal event from FBref. Aggregate senior international total reconciled against the Norwegian Football Federation.,norway-2024-10-10-slovenia-uefa-nations-league
333,2024-10-10,2024/25,Norway,Slovenia,UEFA Nations League,International,Home,62,,,,,,false,false,Alexander Sørloth,,fbref-haaland-goal-log,https://fbref.com/en/players/1f44ac21/goallogs/all_comps/Erling-Haaland-Goal-Log,FBref,,true,Granular Norway goal event from FBref. Aggregate senior international total reconciled against the Norwegian Football Federation.,norway-2024-10-10-slovenia-uefa-nations-league
334,2024-11-14,2024/25,Norway,Slovenia,UEFA Nations League,International,Away,45,,,,,,false,false,Sander Berge,,fbref-haaland-goal-log,https://fbref.com/en/players/1f44ac21/goallogs/all_comps/Erling-Haaland-Goal-Log,FBref,,true,Granular Norway goal event from FBref. Aggregate senior international total reconciled against the Norwegian Football Federation.,norway-2024-11-14-slovenia-uefa-nations-league
335,2024-11-17,2024/25,Norway,Kazakhstan,UEFA Nations League,International,Home,23,,,,,,false,false,,,fbref-haaland-goal-log,https://fbref.com/en/players/1f44ac21/goallogs/all_comps/Erling-Haaland-Goal-Log,FBref,,true,Granular Norway goal event from FBref. Aggregate senior international total reconciled against the Norwegian Football Federation.,norway-2024-11-17-kazakhstan-uefa-nations-league
336,2024-11-17,2024/25,Norway,Kazakhstan,UEFA Nations League,International,Home,37,,,,,,false,false,Antonio Nusa,,fbref-haaland-goal-log,https://fbref.com/en/players/1f44ac21/goallogs/all_comps/Erling-Haaland-Goal-Log,FBref,,true,Granular Norway goal event from FBref. Aggregate senior international total reconciled against the Norwegian Football Federation.,norway-2024-11-17-kazakhstan-uefa-nations-league
337,2024-11-17,2024/25,Norway,Kazakhstan,UEFA Nations League,International,Home,71,,,,,,false,false,Sander Berge,,fbref-haaland-goal-log,https://fbref.com/en/players/1f44ac21/goallogs/all_comps/Erling-Haaland-Goal-Log,FBref,,true,Granular Norway goal event from FBref. Aggregate senior international total reconciled against the Norwegian Football Federation.,norway-2024-11-17-kazakhstan-uefa-nations-league
338,2025-03-22,2024/25,Norway,Moldova,WCQ,International,Away,23,,,,,,false,false,Andreas Schjelderup,,fbref-haaland-goal-log,https://fbref.com/en/players/1f44ac21/goallogs/all_comps/Erling-Haaland-Goal-Log,FBref,,true,Granular Norway goal event from FBref. Aggregate senior international total reconciled against the Norwegian Football Federation.,norway-2025-03-22-moldova-wcq
339,2025-03-25,2024/25,Norway,Israel,WCQ,International,Away,83,,,,,,false,false,Martin Ødegaard,,fbref-haaland-goal-log,https://fbref.com/en/players/1f44ac21/goallogs/all_comps/Erling-Haaland-Goal-Log,FBref,,true,Granular Norway goal event from FBref. Aggregate senior international total reconciled against the Norwegian Football Federation.,norway-2025-03-25-israel-wcq
340,2025-06-06,2024/25,Norway,Italy,WCQ,International,Home,42,,,,,,false,false,Martin Ødegaard,,fbref-haaland-goal-log,https://fbref.com/en/players/1f44ac21/goallogs/all_comps/Erling-Haaland-Goal-Log,FBref,,true,Granular Norway goal event from FBref. Aggregate senior international total reconciled against the Norwegian Football Federation.,norway-2025-06-06-italy-wcq
341,2025-06-09,2024/25,Norway,Estonia,WCQ,International,Away,62,,,,,,false,false,,,fbref-haaland-goal-log,https://fbref.com/en/players/1f44ac21/goallogs/all_comps/Erling-Haaland-Goal-Log,FBref,,true,Granular Norway goal event from FBref. Aggregate senior international total reconciled against the Norwegian Football Federation.,norway-2025-06-09-estonia-wcq
342,2025-09-04,2025/26,Norway,Finland,Friendlies (M),International,Home,17,,,,Penalty,,true,false,,,fbref-haaland-goal-log,https://fbref.com/en/players/1f44ac21/goallogs/all_comps/Erling-Haaland-Goal-Log,FBref,,true,Granular Norway goal event from FBref. Aggregate senior international total reconciled against the Norwegian Football Federation.,norway-2025-09-04-finland-friendlies-m
343,2025-09-09,2025/26,Norway,Moldova,WCQ,International,Home,11,,,,,,false,false,Felix Myhre,,fbref-haaland-goal-log,https://fbref.com/en/players/1f44ac21/goallogs/all_comps/Erling-Haaland-Goal-Log,FBref,,true,Granular Norway goal event from FBref. Aggregate senior international total reconciled against the Norwegian Football Federation.,norway-2025-09-09-moldova-wcq
344,2025-09-09,2025/26,Norway,Moldova,WCQ,International,Home,36,,,,,,false,false,Martin Ødegaard,,fbref-haaland-goal-log,https://fbref.com/en/players/1f44ac21/goallogs/all_comps/Erling-Haaland-Goal-Log,FBref,,true,Granular Norway goal event from FBref. Aggregate senior international total reconciled against the Norwegian Football Federation.,norway-2025-09-09-moldova-wcq
345,2025-09-09,2025/26,Norway,Moldova,WCQ,International,Home,43,,,,,,false,false,Martin Ødegaard,,fbref-haaland-goal-log,https://fbref.com/en/players/1f44ac21/goallogs/all_comps/Erling-Haaland-Goal-Log,FBref,,true,Granular Norway goal event from FBref. Aggregate senior international total reconciled against the Norwegian Football Federation.,norway-2025-09-09-moldova-wcq
346,2025-09-09,2025/26,Norway,Moldova,WCQ,International,Home,52,,,,,,false,false,David Møller Wolfe,,fbref-haaland-goal-log,https://fbref.com/en/players/1f44ac21/goallogs/all_comps/Erling-Haaland-Goal-Log,FBref,,true,Granular Norway goal event from FBref. Aggregate senior international total reconciled against the Norwegian Football Federation.,norway-2025-09-09-moldova-wcq
347,2025-09-09,2025/26,Norway,Moldova,WCQ,International,Home,83,,,,,,false,false,Julian Ryerson,,fbref-haaland-goal-log,https://fbref.com/en/players/1f44ac21/goallogs/all_comps/Erling-Haaland-Goal-Log,FBref,,true,Granular Norway goal event from FBref. Aggregate senior international total reconciled against the Norwegian Football Federation.,norway-2025-09-09-moldova-wcq
348,2025-10-11,2025/26,Norway,Israel,WCQ,International,Home,27,,,,,,false,false,Alexander Sørloth,,fbref-haaland-goal-log,https://fbref.com/en/players/1f44ac21/goallogs/all_comps/Erling-Haaland-Goal-Log,FBref,,true,Granular Norway goal event from FBref. Aggregate senior international total reconciled against the Norwegian Football Federation.,norway-2025-10-11-israel-wcq
349,2025-10-11,2025/26,Norway,Israel,WCQ,International,Home,63,,,,,,false,false,Antonio Nusa,,fbref-haaland-goal-log,https://fbref.com/en/players/1f44ac21/goallogs/all_comps/Erling-Haaland-Goal-Log,FBref,,true,Granular Norway goal event from FBref. Aggregate senior international total reconciled against the Norwegian Football Federation.,norway-2025-10-11-israel-wcq
350,2025-10-11,2025/26,Norway,Israel,WCQ,International,Home,72,,,,,,false,false,Antonio Nusa,,fbref-haaland-goal-log,https://fbref.com/en/players/1f44ac21/goallogs/all_comps/Erling-Haaland-Goal-Log,FBref,,true,Granular Norway goal event from FBref. Aggregate senior international total reconciled against the Norwegian Football Federation.,norway-2025-10-11-israel-wcq
351,2025-11-13,2025/26,Norway,Estonia,WCQ,International,Home,56,,,,,,false,false,Julian Ryerson,,fbref-haaland-goal-log,https://fbref.com/en/players/1f44ac21/goallogs/all_comps/Erling-Haaland-Goal-Log,FBref,,true,Granular Norway goal event from FBref. Aggregate senior international total reconciled against the Norwegian Football Federation.,norway-2025-11-13-estonia-wcq
352,2025-11-13,2025/26,Norway,Estonia,WCQ,International,Home,62,,,,,,false,false,David Møller Wolfe,,fbref-haaland-goal-log,https://fbref.com/en/players/1f44ac21/goallogs/all_comps/Erling-Haaland-Goal-Log,FBref,,true,Granular Norway goal event from FBref. Aggregate senior international total reconciled against the Norwegian Football Federation.,norway-2025-11-13-estonia-wcq
353,2025-11-16,2025/26,Norway,Italy,WCQ,International,Away,78,,,,,,false,false,Oscar Bobb,,fbref-haaland-goal-log,https://fbref.com/en/players/1f44ac21/goallogs/all_comps/Erling-Haaland-Goal-Log,FBref,,true,Granular Norway goal event from FBref. Aggregate senior international total reconciled against the Norwegian Football Federation.,norway-2025-11-16-italy-wcq
354,2025-11-16,2025/26,Norway,Italy,WCQ,International,Away,79,,,,,,false,false,Morten Thorsby,,fbref-haaland-goal-log,https://fbref.com/en/players/1f44ac21/goallogs/all_comps/Erling-Haaland-Goal-Log,FBref,,true,Granular Norway goal event from FBref. Aggregate senior international total reconciled against the Norwegian Football Federation.,norway-2025-11-16-italy-wcq
355,2026-06-16,2025/26,Norway,Iraq,FIFA World Cup,International,Neutral,29,,,,,,false,false,David Møller Wolfe,,fbref-haaland-goal-log,https://fbref.com/en/players/1f44ac21/goallogs/all_comps/Erling-Haaland-Goal-Log,FBref,,true,Granular Norway goal event from FBref. Aggregate senior international total reconciled against the Norwegian Football Federation.,norway-2026-06-16-iraq-fifa-world-cup
356,2026-06-16,2025/26,Norway,Iraq,FIFA World Cup,International,Neutral,43,,,,,,false,false,,,fbref-haaland-goal-log,https://fbref.com/en/players/1f44ac21/goallogs/all_comps/Erling-Haaland-Goal-Log,FBref,,true,Granular Norway goal event from FBref. Aggregate senior international total reconciled against the Norwegian Football Federation.,norway-2026-06-16-iraq-fifa-world-cup
357,2026-06-22,2025/26,Norway,Senegal,FIFA World Cup,International,Neutral,48,,,,,,false,false,Martin Ødegaard,,fbref-haaland-goal-log,https://fbref.com/en/players/1f44ac21/goallogs/all_comps/Erling-Haaland-Goal-Log,FBref,,true,Granular Norway goal event from FBref. Aggregate senior international total reconciled against the Norwegian Football Federation.,norway-2026-06-22-senegal-fifa-world-cup
358,2026-06-22,2025/26,Norway,Senegal,FIFA World Cup,International,Neutral,58,,,,,,false,false,Patrick Berg,,fbref-haaland-goal-log,https://fbref.com/en/players/1f44ac21/goallogs/all_comps/Erling-Haaland-Goal-Log,FBref,,true,Granular Norway goal event from FBref. Aggregate senior international total reconciled against the Norwegian Football Federation.,norway-2026-06-22-senegal-fifa-world-cup
359,2026-06-30,2025/26,Norway,Côte d'Ivoire,FIFA World Cup,International,Neutral,86,,,,,,false,false,Patrick Berg,,fbref-haaland-goal-log,https://fbref.com/en/players/1f44ac21/goallogs/all_comps/Erling-Haaland-Goal-Log,FBref,,true,Granular Norway goal event from FBref. Aggregate senior international total reconciled against the Norwegian Football Federation.,norway-2026-06-30-cote-d-ivoire-fifa-world-cup
360,2026-07-05,2026/27,Norway,Brazil,FIFA World Cup,International,Neutral,79,,,,,,false,false,Andreas Schjelderup,,fbref-haaland-goal-log,https://fbref.com/en/players/1f44ac21/goallogs/all_comps/Erling-Haaland-Goal-Log,FBref,,true,Granular Norway goal event from FBref. Aggregate senior international total reconciled against the Norwegian Football Federation.,norway-2026-07-05-brazil-fifa-world-cup
361,2026-07-05,2026/27,Norway,Brazil,FIFA World Cup,International,Neutral,90,,,,,,false,false,Andreas Schjelderup,,fbref-haaland-goal-log,https://fbref.com/en/players/1f44ac21/goallogs/all_comps/Erling-Haaland-Goal-Log,FBref,,true,Granular Norway goal event from FBref. Aggregate senior international total reconciled against the Norwegian Football Federation.,norway-2026-07-05-brazil-fifa-world-cup
